Lugar,Dec2024-Hotelaria,Dec2024-Alojamento local,Dec2024-Turismo no espaço rural e de habitação,Nov2024-Hotelaria,Nov2024-Alojamento local,Nov2024-Turismo no espaço rural e de habitação,Out2024-Hotelaria,Out2024-Alojamento local,Out2024-Turismo no espaço rural e de habitação,Set2024-Hotelaria,Set2024-Alojamento local,Set2024-Turismo no espaço rural e de habitação,Ago2024-Hotelaria,Ago2024-Alojamento local,Ago2024-Turismo no espaço rural e de habitação,Jul2024-Hotelaria,Jul2024-Alojamento local,Jul2024-Turismo no espaço rural e de habitação,Jun2024-Hotelaria,Jun2024-Alojamento local,Jun2024-Turismo no espaço rural e de habitação,Mai2024-Hotelaria,Mai2024-Alojamento local,Mai2024-Turismo no espaço rural e de habitação,Abr2024-Hotelaria,Abr2024-Alojamento local,Abr2024-Turismo no espaço rural e de habitação,Mar2024-Hotelaria,Mar2024-Alojamento local,Mar2024-Turismo no espaço rural e de habitação,Fev2024-Hotelaria,Fev2024-Alojamento local,Fev2024-Turismo no espaço rural e de habitação,Jan2024-Hotelaria,Jan2024-Alojamento local,Jan2024-Turismo no espaço rural e de habitação,Dec2023-Hotelaria,Dec2023-Alojamento local,Dec2023-Turismo no espaço rural e de habitação,Nov2023-Hotelaria,Nov2023-Alojamento local,Nov2023-Turismo no espaço rural e de habitação,Out2023-Hotelaria,Out2023-Alojamento local,Out2023-Turismo no espaço rural e de habitação,Set2023-Hotelaria,Set2023-Alojamento local,Set2023-Turismo no espaço rural e de habitação,Ago2023-Hotelaria,Ago2023-Alojamento local,Ago2023-Turismo no espaço rural e de habitação,Jul2023-Hotelaria,Jul2023-Alojamento local,Jul2023-Turismo no espaço rural e de habitação,Jun2023-Hotelaria,Jun2023-Alojamento local,Jun2023-Turismo no espaço rural e de habitação,Mai2023-Hotelaria,Mai2023-Alojamento local,Mai2023-Turismo no espaço rural e de habitação,Abr2023-Hotelaria,Abr2023-Alojamento local,Abr2023-Turismo no espaço rural e de habitação,Mar2023-Hotelaria,Mar2023-Alojamento local,Mar2023-Turismo no espaço rural e de habitação,Fev2023-Hotelaria,Fev2023-Alojamento local,Fev2023-Turismo no espaço rural e de habitação,Jan2023-Hotelaria,Jan2023-Alojamento local,Jan2023-Turismo no espaço rural e de habitação,Dez2022-Hotelaria,Dez2022-Alojamento local,Dez2022-Turismo no espaço rural e de habitação,Nov2022-Hotelaria,Nov2022-Alojamento local,Nov2022-Turismo no espaço rural e de habitação,Out2022-Hotelaria,Out2022-Alojamento local,Out2022-Turismo no espaço rural e de habitação,Set2022-Hotelaria,Set2022-Alojamento local,Set2022-Turismo no espaço rural e de habitação,Ago2022-Hotelaria,Ago2022-Alojamento local,Ago2022-Turismo no espaço rural e de habitação,Jul2022-Hotelaria,Jul2022-Alojamento local,Jul2022-Turismo no espaço rural e de habitação,Jun2022-Hotelaria,Jun2022-Alojamento local,Jun2022-Turismo no espaço rural e de habitação,Mai2022-Hotelaria,Mai2022-Alojamento local,Mai2022-Turismo no espaço rural e de habitação,Abr2022-Hotelaria,Abr2022-Alojamento local,Abr2022-Turismo no espaço rural e de habitação,Mar2022-Hotelaria,Mar2022-Alojamento local,Mar2022-Turismo no espaço rural e de habitação,Fev2022-Hotelaria,Fev2022-Alojamento local,Fev2022-Turismo no espaço rural e de habitação,Jan2022-Hotelaria,Jan2022-Alojamento local,Jan2022-Turismo no espaço rural e de habitação,Total2024,Total2024-Hotel,Total2024-AL,Total2024-Rural,Total2023,Total2023-Hotel,Total2023-AL,Total2023-Rural,Total2022,Total2022-Hotel,Total2022-AL,Total2022-Rural
Arcos de Valdevez,4995,338,2414,4002,193,1658,5086,294,2203,6811,454,3760,9116,1783,7966,7237,880,5840,5440,716,3686,4950,624,2701,4488,291,2183,0,0,1761,0,0,0,0,0,708,5241,372,2082,3223,104,834,4479,218,2098,5757,302,3385,8509,1416,7110,6179,813,5302,3802,955,3092,3993,275,2180,4986,272,2851,1668,194,1256,1611,0,0,1586,0,0,1708,153,2137,1452,121,1065,3213,253,2339,5191,342,3108,8319,1233,6077,5987,772,4029,4725,515,2811,4473,234,1672,4538,337,1844,3756,263,905,2921,0,0,1892,0,0,92578,52125,5573,34880,86145,51034,4921,30190,78385,48175,4223,25987
Caminha,4715,478,205,3671,383,214,5225,0,0,9510,5080,709,18504,6413,1888,11886,4926,1179,7458,3406,463,7549,4386,379,6000,2862,254,4685,0,0,2932,113,86,2123,0,0,5392,201,385,3235,149,105,6136,2288,201,10224,4870,371,17405,5269,1345,13315,4025,844,7320,2819,379,6689,3079,272,8648,2432,300,3664,395,170,3710,186,145,2767,170,98,4178,248,110,3148,249,61,6392,1666,364,9324,3210,761,17429,4358,2144,13189,3740,1318,8377,2927,759,7118,2734,289,6883,2185,251,5092,943,61,3990,519,87,2750,306,48,117682,84258,28047,5377,119003,88505,25883,4615,117208,87870,23085,6253
Melgaço,0,0,0,0,0,0,3958,0,295,4734,0,0,5798,0,0,4581,0,0,4501,0,583,4084,0,409,0,0,0,0,0,0,1877,0,254,0,0,0,0,0,0,0,0,0,3946,0,337,4556,0,0,6629,0,0,0,0,0,3577,0,424,3632,0,365,4318,0,493,2335,0,172,1799,0,229,0,0,0,2077,0,302,2424,0,192,3386,0,332,0,0,0,0,0,0,0,0,0,4099,0,657,3129,0,661,3461,0,726,2080,0,164,1679,0,116,0,0,0,31074,29533,0,1541,32812,30792,0,2020,25485,22335,0,3150
Monção,2197,324,883,0,0,0,3615,193,366,3223,314,1395,5506,546,3794,2835,329,1991,3200,185,1289,2239,281,777,2433,128,570,1963,0,0,1743,0,0,1413,0,0,2663,59,776,2010,0,0,3029,0,0,3493,269,993,5326,113,2822,3069,120,1650,3036,0,0,2603,52,525,3120,89,764,2759,0,0,1988,0,0,1919,0,0,0,0,0,0,0,0,0,0,0,2893,113,1073,5440,189,2303,3256,69,1499,2863,68,998,0,0,0,0,0,0,1986,0,389,1602,0,375,1022,0,0,43732,30367,2300,11065,43247,35015,702,7530,26138,19062,439,6637
Paredes de Coura,0,270,142,0,154,187,0,161,263,0,399,563,0,1689,1192,0,1057,602,0,357,560,0,0,0,0,0,0,0,216,193,0,0,0,0,0,0,0,357,280,0,141,29,0,168,153,0,569,420,0,1652,1537,0,1016,545,0,0,0,0,0,0,0,616,463,0,193,246,0,64,63,0,41,31,0,89,181,0,130,57,0,0,0,0,551,647,0,1727,1699,0,909,593,0,304,817,0,0,0,0,266,169,0,0,0,0,127,102,0,123,78,8005,0,4303,3702,8584,0,4817,3767,8569,0,4226,4343
Ponte da Barca,0,0,1044,727,66,875,988,62,1198,1651,164,2308,3092,727,6142,1666,248,2811,0,0,1458,1012,106,1326,0,0,1007,0,0,0,0,0,659,0,0,571,0,0,0,684,24,846,1295,0,0,1395,0,0,2573,0,0,0,0,0,1208,0,0,1120,0,0,1671,0,0,1057,37,836,1072,25,730,0,0,555,0,0,1079,0,0,807,0,0,1374,0,0,2274,0,0,5728,0,0,3248,0,243,0,0,0,1521,0,0,1496,0,0,700,0,0,0,0,0,485,29908,9136,1373,19399,15128,12075,86,2967,18955,0,243,18712
Ponte de Lima,3282,1371,2567,2898,1051,2468,3466,1648,3817,4518,2572,6001,5923,5282,13736,4523,3279,8376,3749,2237,4318,4379,1923,4916,0,0,2771,0,0,2149,2547,870,1389,0,0,1006,3665,1536,2282,2456,754,1321,3795,1998,3527,4804,3279,5174,5531,5276,12964,4572,4173,9185,3497,2827,4622,3890,2163,3820,4436,1783,3994,3007,619,1580,2533,568,1482,2203,596,1422,3304,1004,1369,2396,928,717,3993,1937,2454,4688,3271,4062,6122,4718,10272,4618,2983,7367,3724,2165,3921,4033,1711,2752,3998,1737,2877,2485,883,1150,2724,771,1222,1725,288,820,109032,35285,20233,53514,121334,44389,25572,51373,105189,43810,22396,38983
Valença,2755,0,0,2674,1115,0,4039,1567,0,6598,0,0,7350,0,0,5135,0,0,4112,0,0,4853,2241,0,3987,1338,0,2971,0,0,2311,314,0,1753,224,0,3631,0,0,2269,0,0,3768,0,0,5261,0,0,7599,0,0,4802,0,0,4270,0,0,4166,0,0,4609,0,0,2397,0,0,2075,318,0,2185,0,0,3194,0,0,2505,0,0,4008,0,0,5045,0,0,8464,0,0,4936,0,0,4523,0,0,3980,1283,0,0,0,0,0,0,0,2056,500,0,1397,247,0,55337,48538,6799,0,47350,47032,318,0,42138,40108,2030,0
Viana do Castelo,20288,1829,995,19372,1760,886,23720,3160,2110,28566,4893,3892,36490,7020,7779,31903,5585,5630,26058,4524,3466,26229,4692,2327,20707,3045,1493,17809,2266,932,14106,1104,530,12387,1249,430,18871,2049,1193,13969,1255,456,23695,2749,1926,27807,3430,4663,35329,5498,8191,31707,4020,6766,23612,3207,2945,23753,2529,2204,22920,2307,1826,15877,1765,540,14015,1171,364,11339,1034,392,15500,1387,970,13265,1607,565,20368,2244,1758,21898,2558,3792,33656,4329,8081,30016,3835,6154,22356,2614,3727,22071,2509,2231,21306,2130,1672,14224,1615,627,12298,1322,637,8681,1130,617,349232,277635,41127,30470,325374,262894,31014,31466,293750,235639,27280,30831
Vila Nova de Cerveira,4202,0,0,0,0,0,5130,0,0,6031,0,0,10077,857,956,6133,0,0,0,0,0,4559,0,0,4040,0,0,4091,0,0,2761,0,0,2354,0,0,0,0,0,0,61,0,5324,0,0,6436,287,591,10685,916,887,7054,1072,886,5659,369,388,4768,0,0,5783,0,0,3176,0,0,2978,0,0,2289,0,0,4304,0,0,2945,0,0,5177,0,0,6614,397,425,11125,0,0,8041,0,0,0,0,0,4126,0,0,4853,0,0,2552,220,0,0,0,0,2017,183,0,51191,49378,857,956,59609,54152,2705,2752,52979,51754,800,425
Amares,970,138,658,0,0,543,1537,399,1107,2275,793,2223,3728,2128,5000,2433,1806,3173,1985,507,1865,0,0,1798,0,0,1490,0,0,914,777,4,539,0,0,133,0,0,483,0,0,235,1732,222,1375,2293,563,2053,0,0,5213,0,0,3232,0,0,1931,0,0,1782,0,0,1467,802,37,508,764,0,0,0,0,0,936,597,598,0,180,0,1799,315,1101,0,0,1835,0,0,5186,0,0,3058,0,0,2112,0,0,1351,0,0,1218,825,0,0,707,23,305,390,26,233,38923,13705,5775,19443,24692,5591,822,18279,22795,4657,1141,16997
Barcelos,2379,2222,581,2360,1482,472,2999,1814,908,3980,2716,1981,3926,4520,3586,0,2949,0,0,0,1618,3763,2804,1682,0,2413,0,0,1291,0,0,1012,0,0,907,0,1685,1425,489,2044,1092,155,0,0,815,0,0,1634,3936,3444,3478,3340,2852,2324,3098,2735,1525,3498,2776,1207,3315,2363,1475,0,1530,0,0,986,0,1589,1160,114,0,0,0,2333,1380,190,0,0,634,3563,2188,1294,4100,3822,3256,3577,2192,1749,3108,1714,1089,4136,2030,1247,2948,1936,801,0,0,117,1358,768,30,0,525,0,54365,19407,24130,10828,56084,22505,20363,13216,52085,25123,16555,10407
Braga,43074,5299,235,44014,5392,297,55939,6986,85,62703,7299,229,70861,10408,777,59415,7224,431,55437,7141,315,55780,6461,263,45897,5426,263,37903,5602,151,35295,0,0,32300,3649,101,39065,5379,294,36936,4287,157,51356,5188,345,56522,5606,370,66446,8528,1181,60441,6883,548,51667,5922,363,53331,5707,225,52816,6327,252,37845,0,0,33291,0,0,28839,0,0,40300,0,0,41655,0,0,49220,4982,55,56280,5423,266,69578,7316,601,58028,5867,370,51173,5243,132,52573,5079,146,50276,4883,84,35747,0,0,0,0,0,0,0,0,672652,598618,70887,3147,626117,568555,53827,3735,545277,504830,38793,1654
Esposende,5186,1079,0,5462,1784,0,13919,3714,0,17499,5371,0,20579,7259,0,18327,6078,0,14057,4201,0,15898,5078,0,12359,4171,0,7110,2717,0,3810,1397,0,3260,682,0,6031,1190,0,7236,1547,0,13816,2681,0,17362,4450,0,20508,5771,0,18847,4790,0,15649,3343,0,15206,4095,0,13443,3077,0,7664,1490,0,4020,900,0,2303,494,0,4550,910,0,4683,981,0,12929,2025,0,15265,3277,0,21186,4841,0,19110,4262,0,14052,2988,0,13718,2870,0,11037,2086,0,5286,964,0,3323,472,0,1920,225,0,180997,137466,43531,0,175913,142085,33828,0,152960,127059,25901,0
Terras de Bouro,1906,1725,790,2367,2119,695,7238,2749,874,12004,5099,2841,21088,10819,5902,15635,6639,4371,9715,4037,2064,8385,2665,1529,5456,1848,1442,2585,1557,677,1210,1724,581,993,1149,299,2860,1879,1065,1740,1342,502,7132,2223,1010,12272,4774,2999,21266,10275,6552,16718,7773,4946,9347,4011,2386,7010,2333,1429,7423,3355,1832,1706,1186,865,2155,1228,541,1291,745,391,2609,1560,906,1877,848,541,8779,1748,1016,11583,4227,3101,21911,10400,5188,16157,6615,3907,9786,4181,2132,5887,2589,1431,5940,2548,1830,1923,1328,719,1913,1039,902,1229,950,407,152777,88582,42130,22065,156562,90920,41124,24518,149707,89594,38033,22080
Vila Verde,1430,253,1107,0,0,902,1288,375,1574,1404,292,2279,1996,903,4048,0,633,0,0,0,1768,0,0,1732,0,0,0,0,0,0,0,0,597,0,0,0,0,0,739,0,0,661,0,0,1324,0,0,1829,0,0,3285,0,0,2070,0,0,1429,0,0,1377,0,0,1340,0,0,471,0,0,557,0,0,313,0,0,871,0,0,660,0,0,923,0,0,1741,0,0,3390,0,0,2142,0,0,1145,0,0,755,0,0,1026,0,0,0,0,0,0,0,0,433,22581,6118,2456,14007,15395,0,0,15395,13086,0,0,13086
Cabeceiras de Basto,0,693,0,0,995,0,0,945,0,0,1229,0,0,2784,0,0,1471,0,0,0,555,0,822,0,0,734,0,0,661,0,0,0,0,0,0,0,0,408,526,0,579,165,0,889,330,0,669,669,0,812,2310,0,605,1488,0,625,618,0,0,0,0,0,0,0,0,0,0,0,0,0,0,0,0,0,0,0,0,0,0,0,0,0,658,1025,0,1132,2636,0,977,1693,0,0,0,0,596,608,0,555,698,0,0,0,0,0,0,0,0,0,10889,0,10334,555,10693,0,4587,6106,10578,0,3918,6660
Fafe,0,0,459,0,0,252,0,0,406,0,452,0,0,0,2226,0,0,1671,0,0,819,0,0,713,0,0,747,0,0,250,0,0,321,0,0,0,0,0,676,0,0,466,0,0,557,0,0,816,0,0,2309,0,0,1547,0,0,721,0,0,505,0,0,634,0,0,398,0,0,344,0,0,152,0,0,532,0,0,356,0,0,0,0,0,0,0,0,2408,0,0,1612,0,0,825,0,0,848,0,0,665,0,0,463,0,0,235,0,0,153,8316,0,452,7864,9125,0,0,9125,8097,0,0,8097
Guimarães,22357,3708,758,23593,4126,790,27656,4644,923,33444,5352,1800,41148,6689,3022,31843,5678,2067,28724,4406,1398,30964,4935,1230,27160,4931,814,22822,6623,677,16090,5751,496,13872,4091,329,21842,6209,770,18443,5327,449,27548,6479,1003,30949,5798,1214,39219,8702,2942,31272,7730,1688,24880,3727,1053,26200,3880,1066,26873,4356,1069,19577,3255,570,15862,3294,450,13960,2402,404,18299,3115,504,17835,2965,477,26034,3342,883,27734,3868,985,38835,6859,2118,27078,4103,1444,26968,3844,959,24738,3230,749,24038,2795,946,16825,2398,451,13386,1832,348,8873,1647,361,394911,319673,60934,14304,370462,296625,61159,12678,320866,270643,39998,10225
Mondim de Basto,0,701,0,0,722,0,0,872,0,0,0,234,0,2229,0,0,1827,0,0,891,0,0,828,0,0,879,0,0,623,0,0,0,0,0,0,0,0,629,0,0,533,0,0,743,0,0,934,0,0,2084,0,0,1557,0,0,819,0,0,638,0,0,1052,0,0,0,0,0,0,0,0,326,0,0,0,0,0,213,0,0,0,93,0,0,235,0,2149,0,0,0,0,0,831,0,0,828,0,0,0,0,0,0,137,0,309,0,0,270,0,9806,0,9572,234,9315,0,9315,0,5065,0,4600,465
Póvoa de Lanhoso,0,0,1013,0,0,1062,0,0,987,0,0,1704,0,0,3267,0,0,1788,0,0,1232,0,0,0,0,0,0,0,0,0,0,0,0,0,0,828,0,0,0,0,0,0,0,0,1407,0,0,0,0,0,2995,0,0,1746,0,0,0,0,0,0,0,0,0,0,0,0,0,0,0,0,0,0,0,0,0,0,0,0,0,0,0,0,0,0,0,0,3123,0,0,1458,0,0,1259,0,0,914,0,0,1171,0,0,0,0,0,494,0,0,239,11881,0,0,11881,6148,0,0,6148,8658,0,0,8658
Vieira do Minho,2128,889,530,2233,544,429,2771,922,533,3006,2240,1534,4843,4614,4132,3527,3788,2745,2904,2168,1791,1409,1388,811,1461,700,732,1290,548,407,784,546,272,1085,326,199,1879,552,435,1324,318,176,2321,1101,685,3074,1884,1784,4316,3582,4500,3370,2622,3448,2835,1262,1842,2074,726,664,2296,702,1167,1284,529,230,1279,527,325,1052,365,271,1545,368,532,1232,220,176,2083,761,643,2472,1406,1601,4807,3871,5122,3506,2470,3707,2268,1482,1937,2417,845,1112,2472,990,1044,1608,349,249,1503,337,340,1342,317,141,60229,27441,18673,14115,56801,27104,14170,15527,57275,27255,13416,16604
Vila Nova de Famalicão,3951,986,0,4565,1061,0,0,1288,0,5214,1331,0,5800,0,0,5501,0,0,0,1552,0,4816,0,0,0,1055,0,0,0,0,2716,704,9,0,0,0,3792,840,0,4821,0,0,5113,0,0,5572,0,0,5692,0,0,5814,0,0,4467,0,0,5224,0,0,4990,0,0,3995,719,0,3276,646,0,2770,767,0,3108,810,0,4739,0,0,4034,0,0,4684,993,0,7082,0,0,5117,0,0,3373,794,0,0,619,0,0,718,0,0,0,0,0,784,0,0,0,0,40549,32563,7977,9,58498,55526,2972,0,36855,32137,4718,0
Vizela,0,0,0,0,0,0,0,0,0,0,0,0,0,0,0,0,0,0,0,0,0,0,0,0,0,0,0,0,0,0,0,0,0,0,0,0,0,0,0,0,0,0,0,0,0,0,0,0,0,0,0,0,0,0,0,0,0,0,0,0,0,0,0,0,0,0,0,0,0,0,0,0,0,0,0,0,0,0,0,0,0,0,0,0,0,0,0,0,0,0,0,0,0,0,0,0,0,0,0,0,0,0,0,0,0,0,0,0,0,0,0,0,0,0,0,0,0,0,0,0
Arouca,0,0,700,0,0,612,0,0,947,0,0,1639,0,1070,0,0,0,2763,0,0,1813,0,0,1546,0,0,1582,0,0,934,0,0,636,0,0,358,0,0,1071,0,0,566,0,0,1281,0,0,1949,0,0,3961,0,0,2747,0,0,1855,0,0,1393,0,0,1944,0,0,656,0,0,837,0,0,549,0,0,835,0,0,491,0,0,1286,0,0,1734,0,0,3394,0,0,2581,0,0,1473,0,0,1293,0,0,1745,0,0,599,0,0,783,0,0,535,14600,0,1070,13530,18809,0,0,18809,16749,0,0,16749
Espinho,9469,1003,0,8555,985,0,10066,1242,0,14250,1565,0,19247,2869,0,17178,2276,0,11823,1806,0,11654,1383,0,9659,832,0,8683,577,0,6210,449,0,0,0,0,9155,675,0,6929,469,0,10711,921,0,14369,1329,0,18232,1992,0,17123,1839,0,12123,1249,0,12039,1031,0,11142,856,0,5480,446,0,6222,333,0,5478,379,0,8044,484,0,5871,385,0,9923,660,0,12313,684,0,12019,2016,0,10601,1247,0,9536,697,0,8349,640,0,7721,587,0,0,0,0,3756,352,0,0,0,0,141781,126794,14987,0,140522,129003,11519,0,95885,88133,7752,0
Gondomar,0,0,0,0,1388,0,0,1634,0,0,1770,0,0,2237,0,0,1917,0,0,476,0,0,624,0,0,1505,0,0,1534,0,0,0,14,0,0,0,0,1603,0,0,0,0,0,1828,0,0,1777,0,0,1928,0,0,1300,0,0,1130,0,0,476,0,0,329,0,0,162,0,0,0,0,0,343,0,0,189,0,0,0,0,0,0,0,0,0,0,0,1516,0,0,1382,0,0,633,0,0,567,0,0,0,0,0,0,0,0,0,0,0,401,0,13099,0,13085,14,10876,0,10876,0,4688,0,4688,0
Maia,18876,0,0,21614,0,0,29051,0,0,30230,0,0,33594,0,0,27865,0,0,27378,0,0,29790,0,0,25267,0,0,22573,0,0,16003,1545,3,15351,0,0,19040,0,0,20247,0,0,27829,0,0,25263,0,0,29964,0,0,27418,0,0,26620,0,0,27925,3580,0,26358,3065,0,21510,2274,0,14791,2072,0,14888,1744,0,16175,1014,0,18908,2404,0,26395,2721,0,26776,2582,0,31608,2757,0,29037,1820,0,25972,2071,0,28535,2011,0,25727,2360,0,17060,1227,0,12853,974,0,9612,864,0,299140,297592,1545,3,294588,281853,12735,0,291463,268658,22805,0
Matosinhos,31722,5920,0,38195,7019,0,50068,10480,0,50519,11824,0,59203,13891,0,51622,11933,0,48384,9539,0,50919,9895,0,42636,8079,0,38410,6815,0,30434,5845,0,27903,4697,0,31117,5496,0,36140,6711,0,45345,8675,0,49911,9631,0,55923,12428,0,49277,10078,0,46629,9160,0,47292,7453,0,43888,8303,0,40690,5469,0,29324,4250,0,28601,4572,0,33902,4952,0,34333,5436,0,45824,7602,0,48136,7984,0,56580,8669,0,53177,6676,0,45698,5954,0,47880,5947,0,42941,5796,0,28957,4193,0,24267,3285,0,17887,2671,0,625952,520015,105937,0,596363,504137,92226,0,548747,479582,69165,0
Oliveira de Azeméis,0,0,0,0,0,0,0,0,992,0,0,0,0,265,0,0,0,0,0,0,0,0,0,0,0,0,0,0,0,0,0,0,0,0,0,0,0,0,0,0,0,0,0,0,0,0,0,0,0,0,1864,0,0,0,0,0,0,0,0,0,0,0,0,0,0,0,0,0,0,0,0,0,0,0,0,0,0,0,0,0,0,0,0,0,0,429,0,0,317,0,0,180,0,0,101,0,0,76,0,0,0,0,0,0,0,0,0,0,1257,0,265,992,1864,0,0,1864,1103,0,1103,0
Paredes,3586,0,0,4415,0,0,6557,0,0,0,0,0,0,0,1217,5931,0,0,6344,0,0,0,0,733,5670,0,0,0,0,0,0,102,0,2748,0,0,3894,0,0,4141,0,0,6062,0,0,6907,0,0,6733,0,0,5750,0,0,6363,0,0,6275,0,421,4346,0,415,3625,0,97,2429,0,215,2195,0,128,1614,0,280,3909,0,286,5135,0,285,4722,0,257,5473,0,787,4743,0,591,4725,0,345,4658,0,306,4486,0,225,3874,0,154,2196,0,84,2364,0,71,37303,35251,102,1950,59996,58720,0,1276,51570,47899,0,3671
Porto,293493,0,0,361125,0,0,487053,0,0,489273,0,0,534716,0,0,476120,0,0,437034,0,0,473613,0,0,412350,0,0,378205,0,0,278825,77909,85,234388,0,0,277278,74918,90,304421,79612,161,457919,137722,250,476880,148898,290,497376,159301,292,430514,143190,191,406039,135505,214,430940,140303,231,407288,128508,208,321214,101685,110,247209,76502,0,219516,64653,78,248493,74293,75,260462,81377,109,384833,122917,195,404865,121827,296,456054,140645,302,402964,128489,247,354375,109484,242,357220,106695,264,329578,100861,150,225532,72599,0,158116,50602,37,93735,31153,82,4934189,4856195,77909,85,5869506,4476594,1390797,2115,4819168,3676227,1140942,1999
Póvoa de Varzim,11319,1099,0,12790,1422,0,22166,3075,0,29437,3516,0,37263,5324,0,31604,4319,0,25237,2998,0,25233,3137,0,19949,3322,0,16820,2289,0,12283,1342,0,9539,997,0,11706,1248,0,10156,1416,0,23131,1981,0,29068,3145,0,38544,4990,0,32088,4250,0,27276,2961,0,26970,3007,0,24328,3043,0,16567,2348,0,11139,1598,0,7882,1044,0,10992,1085,0,11915,1438,0,23035,1908,0,27334,2417,0,37382,3451,0,31868,2868,0,25312,2689,0,25216,3189,0,19522,2196,0,10713,1726,0,9485,675,0,5676,736,0,286480,253640,32840,0,289886,258855,31031,0,262828,238450,24378,0
Santa Maria da Feira,5426,0,0,5537,0,0,6792,0,0,7765,3409,105,10178,4170,350,8745,3601,118,7403,0,0,8044,0,0,7243,0,0,5760,0,0,5010,0,0,4374,0,0,7032,3861,76,5303,3529,87,7307,3856,136,8319,3847,180,8929,4324,576,8892,3757,397,7010,0,0,7432,0,0,7638,0,0,4848,0,0,4940,0,0,4137,2998,0,5734,0,0,4730,0,0,6652,0,0,7097,0,0,9673,3911,589,7617,3400,243,5677,0,0,5508,0,0,6804,0,0,4127,0,0,3720,0,0,2825,2958,0,94030,82277,11180,573,109411,81787,26172,1452,81265,70164,10269,832
Santo Tirso,5510,0,0,6006,0,0,7145,0,0,7828,0,0,8539,0,0,7390,0,0,6646,0,0,0,0,0,5294,0,0,5684,0,0,0,0,673,5367,0,0,5500,0,0,0,0,0,0,0,0,7726,0,0,8880,0,0,0,0,0,0,0,0,7790,0,0,6569,0,0,0,0,0,0,0,0,0,0,0,0,0,0,7044,0,0,0,0,0,7518,0,0,9602,0,0,5985,0,0,4208,0,0,4504,0,0,4357,0,0,0,0,0,0,0,0,0,0,0,66082,65409,0,673,36465,36465,0,0,43218,43218,0,0
São João da Madeira,0,0,0,0,0,0,0,0,0,0,0,0,0,0,0,0,0,0,0,0,0,0,0,0,0,0,0,0,0,0,0,0,0,0,0,0,0,0,0,0,0,0,0,0,0,0,0,0,0,0,0,0,0,0,0,0,0,0,0,0,0,0,0,0,0,0,0,0,0,0,0,0,0,0,0,0,0,0,0,0,0,0,0,0,0,0,0,0,0,0,0,0,0,0,0,0,0,0,0,0,0,0,0,0,0,0,0,0,0,0,0,0,0,0,0,0,0,0,0,0
Trofa,0,0,0,0,0,0,0,0,0,0,0,0,0,0,0,0,0,0,0,0,0,0,0,0,0,0,0,0,0,0,0,0,0,0,0,0,0,0,0,0,0,0,0,0,0,0,0,0,0,0,0,0,0,0,0,0,0,0,0,0,0,0,0,0,0,0,0,0,0,0,0,0,0,0,0,0,0,0,0,0,0,0,1174,0,0,1502,0,0,0,0,0,1039,0,0,1456,0,0,1386,0,0,1287,0,0,1162,0,0,737,0,0,0,0,0,0,0,0,0,9743,0,9743,0
Vale de Cambra,0,85,0,0,0,87,0,204,0,0,431,0,0,876,0,0,582,0,0,0,347,0,549,0,0,168,0,0,613,0,0,0,103,0,246,0,0,412,0,0,350,0,0,447,0,0,521,0,0,721,0,0,604,0,0,261,0,0,382,0,0,302,0,0,0,119,0,0,64,0,37,0,0,0,443,0,0,84,0,0,0,0,388,0,0,0,670,0,0,489,0,0,311,0,0,226,0,0,264,0,0,98,0,0,103,0,0,54,4291,0,3754,537,4220,0,4037,183,3130,0,388,2742
Valongo,5280,1740,0,4772,1595,0,6246,1767,0,0,0,0,0,0,0,0,0,0,0,0,0,0,0,0,0,0,0,0,0,0,5106,1548,0,0,0,0,5731,1986,0,5677,1656,0,7208,1930,0,7422,1860,0,8849,2339,0,6269,2339,0,7001,2115,0,6748,2076,0,7126,2106,0,6437,1891,0,5110,1520,0,5141,1709,0,5892,2272,0,4585,1992,0,8037,2178,0,7865,2132,0,9202,2467,0,8187,2166,0,6908,1908,0,6308,1884,0,6820,1703,0,5265,1631,0,5899,1655,0,4523,2090,0,28054,21404,6650,0,102246,78719,23527,0,103569,79491,24078,0
Vila do Conde,7436,0,0,7258,974,0,9988,0,0,10247,0,0,13263,0,0,6505,0,0,9216,0,0,9932,0,0,8079,0,0,0,0,0,4921,0,0,4399,439,0,6189,913,0,5491,741,0,8067,2005,0,5927,2971,0,7007,3721,0,5875,3620,0,5102,2931,0,5307,3070,0,5351,2256,0,3925,1008,0,3542,343,0,3427,203,0,3799,0,0,3558,0,0,5012,0,0,4962,0,0,7449,3938,0,5851,3266,0,4575,2603,0,4777,1776,0,4698,1585,0,3490,339,0,3185,152,0,2561,139,0,92657,91244,1413,0,88992,65210,23782,0,67715,53917,13798,0
Vila Nova de Gaia,63469,6698,576,69845,6011,582,99279,9256,786,106042,10086,971,124692,11507,1357,107232,10051,563,83741,9817,574,84385,0,0,71578,0,0,65416,0,0,48672,0,0,42704,4555,365,55732,5774,387,55862,0,0,82923,8411,754,92411,8777,817,109668,10617,1133,93193,9448,929,79559,8468,633,81209,8138,504,74415,8350,762,52931,0,0,45570,0,0,42681,0,0,50840,0,0,51614,5158,418,75907,7291,652,80001,6691,726,100362,8869,1260,91418,7324,985,74916,6873,604,74391,5897,625,68823,6069,681,44288,4356,335,35469,0,0,25929,0,0,1040810,967055,67981,5774,940056,866154,67983,5919,838772,773958,58528,6286
Boticas,0,0,0,0,0,0,0,0,0,0,0,0,0,0,0,0,0,0,0,0,0,0,0,0,0,0,0,0,0,0,0,0,0,0,0,0,0,0,0,0,0,0,0,0,0,0,0,0,0,0,0,0,0,0,0,0,0,0,0,0,0,0,0,0,0,0,0,0,0,0,0,0,0,0,0,0,0,0,0,0,0,0,0,0,0,0,0,0,0,0,0,0,0,0,0,0,0,0,0,0,0,0,0,0,0,0,0,0,0,0,0,0,0,0,0,0,0,0,0,0
Chaves,12337,609,700,12685,489,658,16559,824,882,22297,995,1428,30891,2133,2229,22307,1177,1190,18629,459,821,16250,640,586,13835,580,594,11700,456,550,11230,422,452,8646,491,419,12214,523,633,10477,406,422,17923,796,892,20713,691,1203,28662,1684,1868,20498,1023,1207,15994,613,977,13938,597,730,18269,683,736,9942,350,328,11532,447,540,8310,483,512,12118,423,581,9826,493,400,18365,861,770,20827,860,1348,28706,1662,2396,19980,1010,1380,15306,813,939,13534,628,683,14935,510,868,8011,365,345,9303,394,329,6743,283,224,217150,197366,9275,10509,206816,188472,8296,10048,196219,177654,8302,10263
Montalegre,0,0,768,0,713,0,0,661,0,0,1356,0,0,3803,0,0,0,1058,0,1081,0,0,0,395,0,484,0,0,535,0,0,0,299,0,0,323,0,542,0,0,508,0,0,1190,0,0,0,562,0,0,1774,0,0,931,0,0,673,0,659,0,0,616,0,0,376,0,0,499,0,0,0,411,0,0,541,0,0,402,0,0,730,0,0,793,0,1129,0,0,0,0,0,0,635,0,0,722,0,0,868,0,0,422,0,0,578,0,0,251,11476,0,8633,2843,8741,0,4390,4351,7071,0,1129,5942
Ribeira de Pena,0,0,0,0,0,0,0,0,0,0,401,0,0,782,0,0,742,0,0,1479,0,0,873,0,0,1404,0,0,0,0,0,0,0,0,0,0,0,193,0,0,0,0,0,0,0,0,537,0,0,846,0,0,1039,0,0,1220,0,0,1044,0,0,1094,0,0,0,0,0,0,0,0,0,0,0,0,0,0,0,0,0,0,0,0,379,0,0,982,0,0,0,89,0,0,56,0,1040,0,0,980,0,0,0,0,0,0,0,0,0,0,5681,0,5681,0,5973,0,5973,0,3526,0,3381,145
Valpaços,0,0,0,0,0,0,0,0,0,0,0,0,0,0,0,0,0,0,0,0,0,0,0,0,0,0,0,0,0,0,0,0,0,0,0,0,0,0,0,0,0,0,0,0,0,0,0,0,0,0,0,0,0,0,0,0,0,0,0,0,0,0,0,0,0,0,0,0,0,0,0,0,0,0,0,0,0,0,0,0,0,0,0,0,0,0,0,0,0,0,0,0,0,0,0,0,0,0,0,0,0,0,0,0,0,0,0,0,0,0,0,0,0,0,0,0,0,0,0,0
Vila Pouca de Aguiar,1164,0,0,1793,0,0,2371,0,0,2553,0,0,5071,0,0,2426,0,0,2685,0,0,2108,0,0,1826,0,0,0,0,0,0,0,0,0,0,0,2260,0,0,1835,0,0,2004,0,0,2166,0,0,3690,0,0,2214,0,0,1654,0,0,1482,0,0,2178,0,0,0,0,0,1437,0,0,0,0,0,0,0,0,1090,0,0,1427,0,0,1674,0,0,3156,0,0,2059,0,0,1504,0,0,1302,0,0,1635,0,0,1008,0,0,0,0,0,0,0,0,21997,21997,0,0,20920,20920,0,0,14855,14855,0,0
Amarante,0,1059,0,0,0,3080,0,0,3600,0,2022,0,0,3990,0,0,3623,0,0,0,4044,0,1743,0,0,1379,0,0,1325,0,0,0,2214,0,772,0,0,0,2685,0,773,0,0,1414,0,0,0,4876,0,0,6642,0,0,5645,0,0,4003,0,0,3479,0,0,3843,0,0,2384,0,0,2318,0,0,1934,0,0,2736,0,605,0,0,0,3237,2751,1478,3740,4305,3329,5730,3225,2108,4914,2995,1341,3142,2589,1300,3032,2533,1123,3031,2003,679,2299,1279,441,2186,0,251,0,28851,0,15913,12938,39996,0,2187,37809,68382,21680,12655,34047
Baião,0,0,656,0,0,844,0,0,1823,0,433,0,0,0,3943,0,0,2706,0,0,2060,0,0,2004,0,0,1275,0,0,826,0,0,484,0,0,289,0,0,858,0,0,525,0,0,1667,0,0,2488,0,0,3815,0,0,2862,0,0,1674,0,0,1745,0,0,1410,0,0,486,0,0,379,0,0,488,0,0,589,0,0,479,0,0,1338,0,0,1914,0,0,3461,0,0,2791,0,0,1811,0,0,1275,0,0,1456,0,0,678,0,0,346,0,0,234,17343,0,433,16910,18397,0,0,18397,16372,0,0,16372
Castelo de Paiva,0,0,0,0,0,531,0,0,697,0,227,0,0,0,0,0,0,1416,0,0,1047,0,0,900,0,0,533,0,0,417,0,0,0,0,0,0,0,0,0,0,0,0,0,0,0,0,0,894,0,0,1989,0,0,1493,0,0,1421,0,0,548,0,0,501,0,0,0,0,0,0,0,0,0,0,0,0,0,0,0,0,0,0,0,0,0,0,0,1589,0,0,1213,0,0,943,0,0,664,0,0,799,0,0,254,0,0,0,0,0,0,5768,0,227,5541,6846,0,0,6846,5462,0,0,5462
Celorico de Basto,0,668,0,0,689,0,0,0,468,0,0,0,0,2424,0,0,1081,0,0,910,0,0,726,0,0,470,0,0,0,0,0,0,0,0,0,0,0,507,0,0,253,0,0,404,0,0,610,0,0,2077,0,0,1035,0,0,422,0,0,0,688,0,380,0,0,0,112,0,339,0,0,0,58,0,367,0,0,0,0,0,0,620,0,0,1438,0,0,3241,0,0,2321,0,0,1122,0,0,579,0,0,634,0,0,0,0,0,0,0,576,0,7436,0,6968,468,6885,0,6027,858,10898,0,943,9955
Cinfães,0,0,273,0,0,475,0,0,580,0,365,0,0,0,3325,0,0,2183,0,0,1599,0,0,1261,0,0,772,0,0,435,0,0,196,0,0,0,0,0,501,0,0,157,0,0,693,0,0,1337,0,0,2774,0,0,1900,0,0,1088,0,0,893,0,0,1104,0,0,292,0,0,0,0,0,0,0,0,440,0,0,161,0,0,688,0,0,1471,0,0,2733,0,0,1738,0,0,1100,0,0,800,0,0,719,0,0,191,0,0,0,0,0,0,11464,0,365,11099,10739,0,0,10739,10041,0,0,10041
Felgueiras,0,0,0,0,0,317,0,0,300,0,0,0,0,815,0,0,0,1070,0,0,715,0,0,0,0,0,0,0,0,0,0,0,138,0,0,0,0,0,268,0,0,135,0,0,440,0,0,588,0,795,0,0,392,0,0,0,502,0,0,616,0,0,0,0,0,130,0,0,139,0,0,67,0,0,212,0,0,117,0,0,373,0,0,715,0,0,1929,0,0,957,0,0,820,0,0,449,0,0,337,0,0,123,0,0,0,0,0,0,3355,0,815,2540,4072,0,1187,2885,6032,0,0,6032
Lousada,0,0,387,0,0,1320,0,0,1549,0,0,0,0,0,0,0,0,0,0,0,1587,0,0,1987,0,0,979,0,0,820,0,0,0,0,0,0,0,187,0,0,0,1072,0,0,1519,0,137,1869,0,557,2935,0,366,2390,0,223,867,0,283,1664,0,0,1248,0,0,971,0,0,0,0,0,0,0,0,452,0,0,0,0,0,1086,0,0,1464,0,0,2669,0,0,2230,0,0,1592,0,0,1527,0,0,1031,0,0,605,0,0,0,0,0,0,8629,0,0,8629,16288,0,1753,14535,12656,0,0,12656
Marco de Canaveses,0,591,682,0,372,655,0,1042,825,0,1146,1557,0,1510,4345,0,1255,2809,0,682,1837,0,641,1299,0,398,795,0,1075,1061,0,1183,425,0,0,0,0,321,852,0,442,450,0,406,1213,0,689,1416,0,736,3915,0,676,2345,0,438,1328,0,271,990,0,467,737,0,267,387,0,0,0,0,0,0,0,0,0,0,0,0,0,311,989,0,518,1386,0,711,3527,0,615,2887,0,404,1094,0,258,647,0,349,675,0,250,244,0,0,0,0,0,0,26185,0,9895,16290,18346,0,4713,13633,14865,0,3416,11449
Paços de Ferreira,0,339,0,0,425,0,0,0,971,0,714,0,0,0,0,0,481,0,0,475,0,0,0,1004,0,343,0,0,0,0,0,0,0,0,0,0,0,0,564,0,0,564,0,340,0,0,0,1042,0,0,1710,0,0,1357,0,0,979,0,0,922,0,0,953,0,0,0,0,0,0,0,0,0,0,0,0,0,0,0,0,0,0,0,0,0,0,0,0,0,0,0,0,0,0,0,0,0,0,0,0,0,0,0,0,0,0,0,0,0,4752,0,2777,1975,8431,0,340,8091,0,0,0,0
Penafiel,4195,199,628,5046,0,582,5271,341,914,4663,486,1525,9934,960,3319,6902,915,2431,6232,527,1857,5601,0,0,6688,0,0,5356,0,0,4202,0,0,3798,0,0,4943,0,0,4293,0,518,6231,0,0,7847,0,0,9977,616,3362,7524,424,2597,5930,0,0,5387,0,0,5211,99,1371,3825,0,0,3495,0,0,2862,0,305,3789,123,756,3706,0,0,7130,0,0,8458,207,1964,8655,544,3584,7182,348,2918,5657,185,1737,6149,0,0,4959,216,1154,3248,0,0,3078,0,0,2312,98,303,82572,67888,3428,11256,76817,67525,1139,8153,78460,64323,1721,12416
Resende,0,0,188,0,0,151,0,0,404,0,607,0,0,0,1357,0,693,0,0,0,670,0,0,642,0,0,412,0,0,125,0,0,41,0,0,0,0,0,70,0,34,0,0,332,0,0,841,0,0,1219,0,0,792,0,0,387,0,0,297,0,0,0,196,0,0,26,0,0,64,0,0,24,0,0,199,0,48,0,0,0,245,0,657,0,0,1373,0,0,991,0,0,608,0,0,0,35,0,270,0,0,85,0,0,96,0,0,0,0,5290,0,1300,3990,4282,0,3902,380,4607,0,4128,479
Alijó,1336,435,386,2023,471,635,3709,1024,1748,5020,1526,2216,4258,1197,2621,3282,876,1912,3649,570,1388,3950,626,1425,3077,414,818,1881,349,450,1162,0,0,687,0,0,1227,91,206,1639,134,395,3969,294,1412,4646,430,2269,4032,499,2824,3341,354,1846,3884,198,1378,3639,180,1027,3012,201,1000,2032,0,0,1408,0,0,1094,28,74,1397,72,114,2280,0,0,4179,207,1055,4011,370,1432,4361,0,0,3956,335,1194,3771,409,729,3804,297,636,3023,267,463,1824,0,0,1238,90,88,685,0,0,55121,34034,7488,13599,48763,33923,2409,12431,42287,34529,2047,5711
Armamar,0,424,0,0,0,1610,0,0,3568,0,0,4505,0,0,5359,0,0,3784,0,0,3227,0,0,2705,0,466,0,0,431,0,0,435,0,0,0,159,0,0,1274,0,451,0,0,0,2808,0,0,3809,0,0,2797,0,0,3067,0,0,2799,0,0,3020,0,0,2254,0,0,946,0,239,0,0,0,226,0,0,955,0,0,1132,0,0,2121,0,0,2904,0,0,3105,0,0,2552,0,0,2334,0,0,2547,0,0,1993,0,0,0,0,0,0,0,0,100,26673,0,1756,24917,23690,0,690,23000,19743,0,0,19743
Carrazeda de Ansiães,0,0,0,0,0,244,0,0,0,0,0,0,0,0,0,0,0,0,0,0,617,0,0,596,0,0,368,0,0,162,0,0,0,0,0,0,0,0,329,0,0,216,0,0,282,0,0,638,0,0,0,0,0,0,0,0,0,0,0,499,0,0,525,0,0,307,0,0,218,0,0,0,0,0,236,0,0,0,0,0,554,0,0,735,0,0,1490,0,0,1052,0,0,0,0,0,374,0,0,466,0,0,284,0,0,111,0,0,0,1987,0,0,1987,3014,0,0,3014,5302,0,0,5302
Freixo de Espada à Cinta,0,161,0,0,159,0,0,241,0,0,0,0,0,0,0,0,212,0,0,336,0,0,252,0,0,0,0,0,0,0,0,0,0,0,0,0,0,148,0,0,0,0,0,167,0,0,195,0,0,350,0,0,282,0,0,212,0,0,0,106,0,180,0,0,210,0,0,150,0,0,0,0,0,0,0,0,0,0,0,0,202,0,0,289,0,0,781,0,0,227,0,0,153,0,0,136,0,0,295,0,0,99,0,0,73,0,0,0,1361,0,1361,0,2000,0,1894,106,2255,0,0,2255
Lamego,5964,479,1601,8162,427,2667,12318,707,4516,14487,1438,5456,14030,1783,6135,12182,1013,4761,11864,987,4695,11855,1281,5221,8769,671,3777,7176,450,2774,5571,452,2031,3305,353,1677,5824,562,1781,6836,447,2612,11675,881,4836,13340,1521,5751,12281,1874,6114,11421,966,5385,11226,1075,5056,11418,1058,5384,10063,865,4272,6330,394,2223,5034,322,1808,3021,251,1265,5741,302,2071,6098,247,2636,11544,665,5083,12856,899,6304,13901,1270,7173,11518,789,5899,10057,930,5345,10329,650,5616,8350,587,4201,5602,296,2349,4879,0,0,2757,0,0,171035,115683,10041,45311,165172,108469,10216,46487,156944,103632,6635,46677
Mesão Frio,0,0,0,0,558,1702,0,938,1735,0,1213,2040,0,1417,3723,0,1256,2189,0,1112,1882,0,1164,2007,0,0,0,0,0,0,0,0,0,0,0,0,0,221,1076,0,559,1214,0,945,1860,0,1243,2167,0,1501,3422,0,1240,2325,0,1212,1315,0,1122,1715,0,948,1587,0,0,0,0,0,0,0,0,0,0,0,0,0,510,1284,0,929,1724,0,1119,2143,0,1586,3046,0,1041,2086,0,1155,1459,0,1010,1610,0,857,1787,0,0,0,0,0,0,0,0,0,22936,0,7658,15278,25672,0,8991,16681,23346,0,8207,15139
Moimenta da Beira,0,0,0,0,0,0,0,0,0,0,0,0,0,0,0,0,0,0,0,0,0,0,0,0,0,0,0,0,0,0,0,0,0,0,0,0,0,0,0,0,0,0,0,0,0,0,0,0,0,0,0,0,0,0,0,0,0,0,0,0,0,0,0,0,0,0,0,0,0,0,0,0,0,0,0,0,0,0,0,0,0,0,0,0,0,0,0,0,0,0,0,0,0,0,0,0,0,0,0,0,0,0,0,0,0,0,0,0,0,0,0,0,0,0,0,0,0,0,0,0
Murça,0,0,0,0,0,0,0,0,0,0,0,0,0,0,0,0,0,0,0,0,0,0,0,0,0,0,0,0,0,0,0,129,0,0,0,0,0,0,0,0,0,0,0,0,0,0,0,0,0,0,0,0,0,0,0,0,0,0,0,0,0,0,0,0,0,0,0,0,0,0,0,0,0,0,0,0,0,0,0,0,0,0,0,0,0,0,0,0,0,0,0,0,0,0,0,0,0,0,0,0,0,0,0,0,0,0,0,0,129,0,129,0,0,0,0,0,0,0,0,0
Penedono,0,0,0,0,0,0,0,0,0,0,0,0,0,0,0,0,0,0,0,0,0,0,0,0,0,0,0,0,0,0,0,0,0,0,0,0,0,0,0,0,0,0,0,0,0,0,0,0,0,0,0,0,0,0,0,0,0,0,0,0,0,0,0,0,0,0,0,0,0,0,0,0,0,0,0,0,0,0,0,0,0,0,0,0,0,0,0,0,0,0,0,0,0,0,0,0,0,0,0,0,0,0,0,0,0,0,0,0,0,0,0,0,0,0,0,0,0,0,0,0
Peso da Régua,2913,0,0,0,0,795,6086,288,1337,6968,491,1800,0,0,1800,5326,492,1524,0,0,1375,0,0,1693,0,0,1259,0,0,735,2063,0,0,0,0,63,2632,0,0,2486,104,619,5624,223,1273,6978,506,1612,7089,861,1824,5725,578,1362,5173,174,1381,5427,437,1049,5325,304,937,2959,0,0,2192,0,0,1951,0,0,2598,241,496,2569,167,585,5496,450,1019,7083,732,1514,8705,581,2079,5467,570,1405,5118,371,1202,5288,405,1056,4253,324,909,2293,83,862,2015,104,315,1526,69,140,37008,23356,1271,12381,66805,53561,3187,10057,68090,52411,4097,11582
Sabrosa,0,49,409,0,86,1485,0,459,3629,0,563,4317,0,753,4596,0,694,3818,0,485,3895,0,608,4255,0,408,2749,0,206,1515,0,0,0,0,0,0,0,78,605,0,149,809,0,434,4250,0,634,4672,0,612,4596,0,641,4108,0,534,4107,0,461,3771,0,425,2526,0,0,0,0,0,0,0,0,0,0,0,0,0,0,0,0,403,3435,0,522,3812,0,447,4033,0,625,3754,0,447,3315,0,391,3406,0,378,2539,0,173,1095,0,0,0,0,81,487,34979,0,4311,30668,33412,0,3968,29444,29343,0,3467,25876
Santa Marta de Penaguião,0,0,0,43,0,0,0,0,0,0,0,0,0,0,0,0,0,0,0,0,0,0,0,0,0,0,0,0,0,0,0,0,0,0,0,0,0,0,0,0,0,0,0,0,0,0,0,0,0,0,0,0,0,0,0,0,0,0,0,0,0,0,0,0,0,0,0,0,0,0,0,0,0,0,0,0,0,0,0,0,301,0,0,577,0,0,1221,0,0,679,0,0,427,0,0,370,0,0,257,0,0,0,0,0,0,0,0,0,43,43,0,0,0,0,0,0,3832,0,0,3832
São João da Pesqueira,0,0,0,0,0,0,0,442,1277,0,440,1303,0,824,1518,0,784,1412,0,460,1259,0,428,1348,0,0,0,0,0,0,0,18,0,0,0,0,0,0,0,0,0,0,0,232,1398,0,611,1417,0,649,1555,0,274,1375,0,0,0,0,0,0,0,0,0,0,0,0,0,0,0,0,0,0,0,0,0,0,0,0,0,345,1421,0,841,1472,0,932,1782,0,777,1460,0,586,1376,0,358,1375,0,0,0,0,0,0,0,0,0,0,0,0,11513,0,3396,8117,7511,0,1766,5745,12725,0,3839,8886
Sernancelhe,0,161,574,0,284,726,0,188,1273,0,330,1197,0,398,1956,0,344,1166,0,114,1325,0,240,1365,0,264,1078,0,0,0,0,157,475,0,146,497,0,307,933,0,155,714,0,331,1135,0,404,1468,0,818,1978,0,395,1261,0,238,1117,0,163,1183,0,320,1066,0,133,515,0,0,0,0,0,0,0,0,0,0,120,439,0,186,807,0,146,1155,0,353,2035,0,379,1355,0,0,0,0,0,0,0,0,0,0,0,0,0,0,0,0,0,0,14258,0,2626,11632,14634,0,3264,11370,6975,0,1184,5791
Tabuaço,0,0,183,0,0,165,0,0,857,0,0,1056,0,0,953,0,0,849,0,0,859,0,0,910,0,0,467,0,0,461,0,0,353,0,0,0,0,0,255,0,0,430,0,0,892,0,0,1267,0,0,1118,0,0,870,0,0,677,0,0,882,0,0,840,0,0,507,0,0,137,0,0,49,0,0,201,0,0,300,0,0,1024,0,0,1276,0,0,1561,0,0,1381,0,0,1148,0,0,1086,0,0,691,0,0,294,0,0,0,0,0,0,7113,0,0,7113,7924,0,0,7924,8962,0,0,8962
Tarouca,0,69,0,0,0,0,0,0,0,0,0,1986,0,0,3373,0,0,1987,0,0,627,0,0,1642,0,0,0,0,0,0,0,0,0,0,0,0,0,0,1120,0,0,0,0,0,1251,0,0,1842,0,0,3100,0,0,1898,0,0,0,0,0,0,0,0,0,0,0,0,0,0,0,0,0,0,0,0,0,0,0,0,0,0,0,0,0,0,0,0,2301,0,0,0,0,0,0,0,0,800,0,0,0,0,0,626,0,0,0,0,0,0,9684,0,69,9615,9211,0,0,9211,3727,0,0,3727
Torre de Moncorvo,0,119,632,0,197,852,0,383,974,0,304,1022,0,447,1730,0,0,0,0,0,0,0,399,965,0,0,0,0,0,0,0,0,0,0,0,0,0,0,0,0,0,0,0,0,0,0,0,0,0,0,0,0,0,0,0,0,0,0,0,0,0,0,0,0,0,0,0,0,0,0,0,0,0,0,0,0,0,0,0,0,0,0,0,0,0,0,0,0,0,0,0,0,0,0,0,0,0,0,0,0,0,0,0,0,0,0,0,0,8024,0,1849,6175,0,0,0,0,0,0,0,0
Vila Nova de Foz Côa,0,0,0,0,0,0,0,0,693,0,0,0,0,0,0,0,0,1178,0,0,881,0,0,812,0,0,726,0,0,560,0,0,427,0,0,0,0,0,358,0,0,361,0,0,781,0,0,1137,0,0,1517,0,0,994,0,0,908,0,0,780,0,0,761,0,0,450,0,0,0,0,0,0,0,0,295,0,0,349,0,0,727,0,0,1051,0,0,1522,0,0,1042,0,0,883,0,0,699,0,0,0,0,0,523,0,0,463,0,0,0,5277,0,0,5277,8047,0,0,8047,7554,0,0,7554
Vila Real,2480,1454,570,2996,1675,742,4639,2241,1017,6571,2152,1434,7463,3069,1891,4819,1535,1201,4375,1676,1131,4730,1275,1100,0,1561,0,0,1383,0,3126,0,0,0,619,0,2701,1147,697,2804,0,0,4525,1787,974,7349,1903,1045,8866,2593,1998,5396,1717,1275,4727,1467,1030,5301,0,0,5191,1404,625,2554,0,0,2929,0,0,1978,0,0,2760,688,341,2432,0,0,5551,1011,543,6303,1138,670,8164,1996,1406,5864,1334,1169,4984,1221,720,4351,961,674,4042,825,596,3292,0,0,2851,0,0,1447,0,0,68925,41199,18640,9086,73983,54321,12018,7644,67334,52041,9174,6119
Alfândega da Fé,0,0,0,0,0,0,0,0,0,0,0,0,0,0,0,0,0,0,0,0,0,0,0,0,0,0,0,0,0,0,0,0,0,0,0,0,0,0,0,0,0,0,0,0,0,0,0,0,0,0,0,0,0,0,0,0,0,0,0,0,0,0,0,0,0,0,0,0,0,0,0,0,0,0,0,0,0,0,0,0,0,0,0,0,0,0,0,0,0,0,0,0,0,0,0,0,0,0,0,0,0,0,0,0,0,0,0,0,0,0,0,0,0,0,0,0,0,0,0,0
Bragança,7959,546,1142,6865,676,1099,8961,755,1316,11399,769,1713,16875,882,4698,11672,425,2259,9265,460,1610,9619,439,1143,8146,350,1079,7746,448,849,6938,584,801,6223,579,499,8943,577,1001,6834,496,836,9426,516,1247,10628,386,1519,15491,881,3588,10246,558,2295,7250,674,1814,8617,658,1505,8514,793,2733,5582,530,848,6058,553,925,4647,523,458,6319,539,956,6055,486,649,7697,624,1240,8633,443,1363,10911,851,3785,7908,446,2105,7402,543,1709,7496,494,1026,8035,663,1572,5248,405,511,5088,454,705,3307,498,478,136789,111668,6913,18208,128150,102236,7145,18769,106644,84099,6446,16099
Macedo de Cavaleiros,366,234,270,1031,98,256,1212,100,377,661,176,450,2388,518,1695,1092,619,958,529,210,479,312,491,361,0,115,0,0,0,247,0,0,334,0,0,0,1318,84,294,854,170,149,1145,170,360,488,458,595,1284,791,1701,628,222,1207,527,283,726,333,162,387,409,80,497,258,173,209,296,252,375,220,128,176,901,63,363,0,178,0,0,0,253,1245,137,682,0,0,1590,0,0,854,0,0,554,0,0,211,0,0,300,0,0,219,0,0,123,0,53,0,15579,7591,2561,5427,17409,7760,2973,6676,7726,2146,431,5149
Miranda do Douro,1337,75,273,1570,123,300,2181,0,0,2695,360,837,4260,615,1378,2230,438,696,2148,342,558,0,0,331,1473,0,0,1613,0,0,1358,149,218,1217,0,0,1302,93,239,1399,0,0,2478,0,0,3113,372,592,4183,681,1691,2664,470,520,2485,245,471,2484,351,440,2881,565,587,1764,0,0,1399,135,166,1210,52,110,1130,115,216,1167,0,0,2235,346,414,2382,382,596,3960,723,1613,2355,478,768,2097,440,524,1738,376,472,2355,430,637,1490,207,169,1084,0,0,784,0,0,28775,22082,2102,4591,35142,27362,2964,4816,31683,22777,3497,5409
Mirandela,2227,192,247,2731,351,150,3283,314,248,3470,494,549,6327,381,1965,4113,0,0,0,0,473,0,0,125,0,0,294,0,0,0,3050,0,0,0,0,42,1974,246,296,2302,276,140,2855,549,227,3878,395,339,6191,672,1509,3627,699,666,3002,626,267,3112,335,210,3270,382,325,3455,675,192,2658,0,0,1951,0,0,2479,484,134,2341,377,104,3158,907,276,3499,1012,728,5816,1223,2177,3946,935,1112,2694,701,803,2576,723,199,3226,893,376,3164,679,106,2726,530,244,1741,358,84,31026,25201,1732,4093,47301,38275,4855,4171,52531,37366,8822,6343
Mogadouro,0,752,0,0,622,0,0,620,0,0,0,286,0,1013,0,0,392,0,0,672,0,0,686,0,0,624,0,0,604,0,0,0,102,0,461,0,0,653,0,0,571,0,0,0,221,0,0,189,0,0,867,0,0,565,0,0,218,0,0,201,0,0,396,0,0,162,0,0,177,0,259,0,0,0,174,0,0,92,0,0,235,0,0,195,0,0,563,0,0,544,0,0,265,0,0,343,0,0,431,0,0,285,0,0,0,0,0,0,6834,0,6446,388,4479,0,1483,2996,3127,0,0,3127
Vila Flor,0,0,64,0,0,154,0,0,147,0,0,508,0,0,1830,0,0,819,0,0,377,0,0,0,0,0,0,0,0,194,0,0,294,0,0,56,0,0,119,0,0,90,0,0,391,0,0,639,0,0,1951,0,0,843,0,0,324,0,0,250,0,0,453,0,0,245,0,0,209,0,0,93,0,0,614,0,0,126,0,0,269,0,0,606,0,0,1631,0,0,0,0,0,0,0,0,0,0,0,0,0,0,0,0,0,0,0,0,0,4443,0,0,4443,5607,0,0,5607,3246,0,0,3246
Vimioso,0,0,0,0,0,208,0,0,271,0,0,0,0,0,647,0,0,214,0,0,181,0,0,0,0,0,0,0,0,86,0,0,0,0,0,0,0,0,0,0,0,0,0,0,0,0,0,0,0,0,0,0,0,0,0,0,0,0,0,0,0,0,0,0,0,0,0,0,0,0,0,0,0,0,0,0,0,0,0,0,0,0,0,293,0,0,735,0,0,0,0,0,0,0,0,0,0,0,0,0,0,0,0,0,0,0,0,0,1607,0,0,1607,0,0,0,0,1028,0,0,1028
Vinhais,0,0,33,0,0,28,0,0,154,0,0,0,0,0,0,0,0,0,0,0,0,0,0,0,0,0,0,0,0,0,0,0,0,0,0,0,0,0,0,0,0,0,0,0,0,0,0,0,0,0,0,0,0,0,0,0,0,0,0,0,0,0,0,0,0,0,0,0,0,0,0,0,0,0,0,0,0,0,0,0,0,0,0,0,0,0,0,0,0,0,0,0,0,0,0,0,0,0,0,0,0,0,0,0,0,0,0,0,215,0,0,215,0,0,0,0,0,0,0,0
Águeda,5636,0,0,4874,474,0,3742,702,0,3019,0,0,7973,0,0,5945,0,0,6291,0,0,5666,0,0,3950,795,0,4076,440,0,3491,333,0,4486,261,0,6511,0,0,5262,388,0,6976,0,0,5815,0,0,9535,0,0,8502,0,0,5702,0,0,6079,938,0,6444,0,0,5917,0,0,5375,518,0,5894,387,0,7440,0,0,7386,0,0,7261,0,0,7869,0,0,10489,0,0,8511,0,0,4513,0,0,5228,0,0,3247,0,0,3253,0,0,3356,0,0,2577,0,0,62154,59149,3005,0,80243,78012,2231,0,71130,71130,0,0
Albergaria-a-Velha,0,1412,0,0,1320,0,0,1537,0,0,0,0,0,0,0,0,2182,0,0,1590,0,0,1821,0,0,1214,0,0,1181,0,0,864,0,0,1118,0,0,1489,0,0,1171,0,0,1540,0,0,1600,0,0,2859,0,0,1830,0,0,1430,0,0,1597,0,0,1648,0,0,1259,0,0,1142,0,0,1330,0,0,0,0,0,0,0,0,1729,0,0,1600,0,0,3118,0,0,2077,0,0,1440,0,0,1778,0,0,1326,0,0,1334,0,0,1251,0,0,1193,0,14239,0,14239,0,18895,0,18895,0,16846,0,16846,0
Anadia,4291,0,0,4570,0,0,5296,709,123,6558,873,142,11448,2073,283,7127,1524,159,6407,0,0,7010,0,0,4855,0,0,5654,889,0,3231,0,0,2069,378,0,4634,0,0,3098,0,0,5238,0,0,5222,0,0,12585,0,0,9448,0,0,6426,0,0,6612,0,0,6145,0,0,4270,0,0,2751,0,0,3114,0,0,3773,0,0,3436,0,0,5766,0,0,8961,0,0,13117,0,0,11257,0,0,6206,0,0,5580,0,0,6133,0,0,2702,0,0,1804,0,0,1615,0,0,75669,68516,6446,707,69543,69543,0,0,70350,70350,0,0
Aveiro,22100,6856,0,22854,7759,0,28430,9687,0,33351,11631,0,43558,19790,0,34861,15769,0,27806,10633,0,28975,10961,0,25149,11633,0,25045,9649,0,18056,7074,0,15155,5885,0,21283,7210,0,19659,7389,0,27792,10682,0,33162,11557,0,40752,16765,0,33696,13204,0,27098,9993,0,27750,10085,0,29235,11273,0,19776,8283,0,15971,7945,0,14747,6075,0,19222,7065,0,19014,6524,0,27413,9571,0,31001,10789,0,40442,15774,0,34331,13259,0,27261,9787,0,25214,10743,0,25128,10844,0,16774,7862,0,15277,6475,0,10618,4517,0,452667,325340,127327,0,431382,310921,120461,0,404905,291695,113210,0
Estarreja,0,0,0,0,0,0,0,0,0,0,0,0,0,0,0,0,0,0,0,0,0,0,0,0,0,0,0,0,0,0,0,0,0,0,0,0,0,0,0,0,0,0,0,0,0,0,0,0,0,0,0,0,0,0,0,0,0,0,0,0,0,0,0,0,0,0,0,0,0,0,0,0,0,0,0,0,0,0,0,0,0,0,0,0,0,0,0,0,0,0,0,0,0,0,0,0,0,0,0,0,0,0,0,0,0,0,0,0,0,0,0,0,0,0,0,0,0,0,0,0
Ílhavo,5710,343,0,6178,336,0,6694,621,0,8592,1853,0,12922,0,0,9770,0,0,7535,0,0,7737,0,0,6684,634,0,6763,354,0,0,0,0,5415,109,0,6312,214,0,5029,158,0,7108,687,0,8307,0,0,11640,0,0,9232,0,0,7281,0,0,6544,0,0,8682,0,0,4865,0,0,0,0,0,0,0,0,5446,0,0,4668,0,0,7341,0,0,8045,0,0,11006,0,0,9111,0,0,6960,0,0,5994,0,0,7349,0,0,3868,0,0,4599,0,0,3428,64,0,88250,84000,4250,0,76059,75000,1059,0,77879,77815,64,0
Murtosa,0,0,0,0,0,0,0,0,0,0,0,0,0,832,0,0,0,0,0,0,0,0,0,0,0,0,0,0,0,0,0,0,0,0,0,0,0,0,0,0,0,0,0,0,0,0,0,0,0,0,0,0,0,0,0,0,0,0,0,0,0,0,0,0,0,0,0,0,0,0,0,0,0,0,0,0,0,0,0,0,0,0,0,0,0,0,0,0,0,0,0,0,0,0,0,0,0,0,0,0,0,0,0,0,0,0,0,0,832,0,832,0,0,0,0,0,0,0,0,0
Oliveira do Bairro,0,0,0,0,0,0,0,0,0,0,0,0,0,0,0,0,0,0,0,0,0,0,0,0,0,0,0,0,0,0,0,0,0,0,0,0,0,0,0,0,0,0,0,0,0,0,0,0,0,0,0,0,0,0,0,0,0,0,0,0,0,0,0,0,0,0,0,0,0,0,0,0,0,0,0,0,0,0,0,0,0,0,0,0,0,0,0,0,0,0,0,0,0,0,0,0,0,0,0,0,0,0,0,0,0,0,0,0,0,0,0,0,0,0,0,0,0,0,0,0
Ovar,4173,0,0,6543,0,0,7247,0,0,8639,0,0,0,5013,0,8555,0,0,0,2141,0,8389,0,0,6693,0,0,6346,0,0,5166,0,0,3577,0,0,5525,0,0,5701,0,0,8293,0,0,9037,0,0,11682,0,0,8765,0,0,8148,0,0,7905,0,0,6935,0,0,6457,0,0,4133,0,0,4020,0,0,5437,0,0,5158,0,0,8130,0,0,8691,0,0,11405,0,0,9311,0,0,8496,0,0,8025,0,0,7225,0,0,5413,0,0,5419,0,0,4306,360,0,72482,65328,7154,0,86601,86601,0,0,87376,87016,360,0
Sever do Vouga,0,0,223,0,0,330,0,0,306,0,575,0,0,1263,0,0,0,593,0,720,0,0,266,0,0,0,159,0,0,0,0,0,92,0,0,0,0,201,0,0,0,129,0,0,344,0,0,522,0,0,1644,0,0,600,0,0,618,0,0,441,0,0,566,0,198,0,0,0,160,0,0,229,0,0,384,0,143,0,0,0,405,0,0,585,0,0,1948,0,0,865,0,0,594,0,0,495,0,0,523,0,0,191,0,138,0,0,147,0,4527,0,2824,1703,5652,0,399,5253,6418,0,428,5990
Vagos,0,0,0,0,0,0,0,0,0,0,0,0,0,0,0,0,0,0,0,0,0,0,0,0,0,0,0,0,0,0,0,0,0,0,0,0,0,0,0,0,0,0,0,0,0,0,0,0,0,0,0,0,0,0,0,0,0,0,0,0,0,0,0,0,0,0,0,0,0,0,0,0,0,0,0,0,0,0,0,0,0,0,0,0,0,0,0,0,0,0,0,0,0,0,0,0,0,0,0,0,0,0,0,0,0,0,0,0,0,0,0,0,0,0,0,0,0,0,0,0
Arganil,0,0,361,0,254,0,0,251,0,0,572,0,0,1446,0,0,0,783,0,0,636,0,0,623,0,205,0,0,275,0,0,0,374,0,0,232,0,0,431,0,0,232,0,0,667,0,0,645,0,0,1591,0,0,856,0,0,709,0,0,591,0,0,657,0,0,352,0,0,626,0,0,340,0,0,370,0,0,213,0,0,614,0,0,804,0,0,1948,0,0,1115,0,0,916,0,0,689,0,0,804,0,0,323,0,0,367,0,0,215,6012,0,3003,3009,7697,0,0,7697,8378,0,0,8378
Cantanhede,0,0,0,0,0,0,0,0,0,0,0,0,0,0,0,0,0,0,0,0,0,0,0,0,0,0,0,0,0,0,0,0,0,0,0,0,0,0,0,0,0,0,0,0,0,0,0,0,0,0,0,0,0,0,0,0,0,0,0,0,0,0,0,0,0,0,0,0,0,0,0,0,0,0,0,0,0,0,0,0,0,0,0,0,0,0,0,0,0,0,0,0,0,0,0,0,0,0,0,0,0,0,0,0,0,0,0,0,0,0,0,0,0,0,0,0,0,0,0,0
Coimbra,31873,11853,0,36197,13810,0,49864,18479,0,53360,0,0,56584,0,0,49258,0,0,47084,0,0,50683,0,0,42593,0,0,37908,14239,0,26717,10481,0,27337,9312,0,33844,11485,0,32290,11401,0,46354,0,0,54266,0,0,57449,0,0,48904,0,0,43997,0,0,53222,0,0,44255,16662,0,32452,12121,0,24825,10509,0,26295,10597,0,30744,12415,0,32989,12171,0,47802,0,0,51507,0,0,59601,0,0,49841,0,0,45013,0,0,46845,0,0,42536,0,0,28413,12249,0,21292,10301,0,16027,7640,0,587632,509458,78174,0,570928,498153,72775,0,527386,472610,54776,0
Condeixa-a-Nova,0,0,0,0,0,0,0,0,0,0,0,0,0,0,0,0,0,0,0,0,0,0,0,0,0,0,0,0,0,0,0,0,0,0,0,0,0,0,0,0,0,0,0,0,0,0,0,0,0,0,0,0,0,0,0,0,0,0,0,0,0,0,0,0,0,0,0,0,0,0,0,0,0,0,0,0,0,0,0,0,0,0,0,0,0,0,0,0,0,0,0,0,0,0,0,0,0,0,0,0,0,0,0,0,0,0,0,0,0,0,0,0,0,0,0,0,0,0,0,0
Figueira da Foz,15486,0,0,17204,0,0,27340,0,0,36983,0,0,52193,0,0,39247,0,0,28540,0,0,25249,0,0,20786,0,0,15209,0,0,14340,0,0,10987,0,0,11831,0,0,12930,0,0,22468,0,0,32297,0,0,51320,0,0,40130,0,0,27425,0,0,24001,0,0,27924,0,0,16028,0,0,15137,0,0,10688,0,0,12322,0,0,13092,0,0,19973,0,0,29869,0,0,53973,0,0,43017,0,0,29870,0,0,22500,0,0,22685,0,0,11563,0,0,12441,0,0,7147,0,0,303564,303564,0,0,292179,292179,0,0,278452,278452,0,0
Góis,0,261,356,0,328,266,0,400,496,0,511,687,0,1572,1356,0,892,904,0,611,688,0,367,616,0,246,308,0,0,0,0,154,323,0,87,201,0,218,329,0,66,320,0,271,414,0,477,669,0,1345,997,0,1036,826,0,509,452,0,531,553,0,508,391,0,371,381,0,237,299,0,271,180,0,463,358,0,260,329,0,359,493,0,622,594,0,1277,1038,0,948,876,0,582,583,0,353,371,0,537,646,0,203,379,0,0,0,0,0,0,11630,0,5429,6201,11651,0,5840,5811,11271,0,5604,5667
Lousã,0,0,835,0,0,880,0,0,1060,0,0,1258,0,0,2181,0,0,1593,0,0,1069,0,0,986,0,0,1010,0,0,820,0,0,0,0,0,479,0,0,859,0,0,633,0,0,942,0,0,1171,0,0,2118,0,0,1424,0,0,1031,0,0,1122,0,0,1096,0,0,678,0,0,604,0,0,532,0,0,703,0,0,643,0,0,1277,0,0,889,0,754,0,0,0,1067,0,0,666,0,0,905,0,0,965,0,0,680,0,0,699,0,296,0,12171,0,0,12171,12210,0,0,12210,9544,0,1050,8494
Mealhada,6384,0,0,6636,0,0,7926,1311,373,8931,1362,765,13599,1739,969,9904,1310,741,9265,1118,655,8036,902,566,5980,0,0,6124,0,0,4697,0,0,4209,0,0,5752,0,0,5036,822,125,6355,1048,157,8578,1145,340,11395,1283,651,9423,1177,411,7099,853,320,7098,979,297,7024,848,324,4134,649,145,4574,0,0,3823,0,0,4376,0,0,4084,894,174,7087,975,257,7888,1149,479,13067,1334,781,10618,1152,566,8415,947,385,6137,876,244,6755,930,210,3696,0,0,4134,0,0,3214,0,0,103502,91691,7742,4069,91865,80291,8804,2770,90824,79471,8257,3096
Mira,952,292,92,1100,252,81,2128,678,1925,5183,1164,2736,9404,2753,4999,6673,0,0,3243,1098,2007,2665,672,1312,1940,462,1385,2050,473,1137,915,0,0,0,237,0,860,386,118,587,127,48,2743,637,1672,4695,894,2514,9241,2314,4679,7199,1921,3677,3769,788,2075,2758,637,1446,2619,1073,1661,1388,175,626,890,0,0,846,0,0,642,164,210,691,135,73,1897,230,1082,4102,857,1944,8745,2362,3555,6566,1761,2946,3754,996,1585,2272,416,760,2313,460,827,1607,112,502,1182,0,0,444,0,0,60008,36253,8081,15674,65063,37595,8952,18516,55192,34215,7493,13484
Miranda do Corvo,0,0,347,0,0,379,0,0,556,0,0,0,0,0,0,0,0,0,0,0,504,0,0,464,0,0,0,0,0,249,0,0,270,0,0,0,0,0,356,0,0,252,0,0,476,0,0,636,0,0,761,0,0,680,0,0,475,0,0,564,0,0,508,0,0,303,0,0,266,0,0,218,0,0,400,0,0,241,0,0,339,0,0,499,0,0,777,0,0,624,0,0,516,0,0,402,0,0,478,0,0,221,0,0,0,0,0,0,2769,0,0,2769,5495,0,0,5495,4497,0,0,4497
Montemor-o-Velho,0,0,0,0,0,0,0,0,0,0,0,0,0,0,0,0,0,0,0,0,0,0,0,0,0,0,0,0,0,0,0,0,0,0,0,0,0,0,0,0,0,0,0,0,0,0,0,0,0,0,0,0,0,0,0,0,0,0,0,0,0,0,0,0,0,0,0,0,0,0,0,0,0,0,0,0,0,0,0,0,0,0,0,0,0,0,0,0,0,0,0,0,0,0,0,0,0,0,0,0,0,0,0,0,0,0,0,0,0,0,0,0,0,0,0,0,0,0,0,0
Mortágua,0,0,0,0,0,0,0,0,0,0,0,0,0,0,0,0,0,0,0,0,0,0,0,0,0,0,0,0,0,0,0,0,0,0,0,0,0,0,0,0,0,0,0,0,0,0,0,0,0,0,0,0,0,0,0,0,0,0,0,0,0,0,0,0,0,0,0,0,0,0,0,0,0,0,0,0,0,0,0,0,0,0,0,0,0,0,0,0,0,0,0,0,0,0,0,0,0,0,0,0,0,0,0,0,0,0,0,0,0,0,0,0,0,0,0,0,0,0,0,0
Oliveira do Hospital,2003,121,1078,1548,124,506,1790,137,526,2727,231,1181,4715,756,3339,2566,252,1712,1887,169,1116,1399,160,1078,1935,159,742,2322,135,795,1939,132,833,1726,249,497,2141,160,1177,1088,290,244,1744,280,802,2179,201,1172,4220,734,2956,2612,328,1795,1902,120,957,1648,95,829,2106,192,1048,2073,142,792,2329,300,970,1726,154,607,1882,136,993,2024,134,521,1826,161,664,2029,214,997,3863,833,2677,2302,452,1499,1736,237,1055,1449,158,584,2060,200,784,1397,139,514,1822,183,585,1539,170,513,42585,26557,2625,13403,42113,25768,2996,13349,38332,23929,3017,11386
Pampilhosa da Serra,0,581,114,0,579,76,0,757,50,0,0,0,0,574,627,0,684,347,0,583,150,0,743,106,0,0,0,0,0,0,0,492,53,0,0,0,0,0,0,0,0,0,0,531,155,0,410,226,0,827,628,0,479,487,0,595,195,0,468,126,0,512,137,0,603,110,0,344,183,0,0,0,0,326,111,0,0,0,0,330,53,0,318,177,0,644,729,0,459,560,0,426,255,0,305,150,0,360,129,0,0,0,0,343,35,0,0,0,6516,0,4993,1523,7016,0,4769,2247,5710,0,3511,2199
Penacova,0,264,659,0,281,794,0,341,805,0,434,1043,0,779,1909,0,542,1296,0,409,992,0,449,915,0,287,859,0,0,0,0,0,0,0,0,0,0,190,652,0,313,530,0,364,749,0,425,1059,0,1212,1652,0,863,1391,0,636,838,0,641,1087,0,517,842,0,227,558,0,596,533,0,517,447,0,0,0,0,0,0,0,0,0,0,0,0,0,0,0,0,0,0,0,0,0,0,0,0,0,0,0,0,0,0,0,0,0,0,0,0,13058,0,3786,9272,16839,0,6501,10338,0,0,0,0
Penela,0,0,109,0,0,27,0,142,0,0,275,0,0,787,0,0,774,0,0,688,0,0,696,0,0,475,0,0,570,0,0,0,44,0,0,0,0,538,0,0,0,0,0,437,0,0,412,0,0,921,0,0,777,0,0,512,0,0,624,0,0,296,0,0,0,0,0,0,158,0,0,0,0,155,0,0,31,0,0,391,0,0,430,0,0,1162,0,0,739,0,0,364,0,0,360,0,0,302,0,0,0,66,0,0,80,0,0,0,4587,0,4407,180,4675,0,4517,158,4080,0,3934,146
Soure,0,0,0,0,0,0,0,0,0,0,0,0,0,0,0,0,0,0,0,0,0,0,0,0,0,0,0,0,0,0,0,0,0,0,0,0,0,0,0,0,0,0,0,0,0,0,0,0,0,0,0,0,0,0,0,0,0,0,0,0,0,0,0,0,0,0,0,0,0,0,0,0,0,0,0,0,0,0,0,0,0,0,0,0,0,0,0,0,0,0,0,0,0,0,0,0,0,0,0,0,0,0,0,0,0,0,0,0,0,0,0,0,0,0,0,0,0,0,0,0
Tábua,0,0,591,0,209,0,0,0,727,0,0,1105,0,1093,0,0,652,0,0,0,1332,0,0,582,0,233,0,0,392,0,0,0,67,0,0,357,0,249,0,0,0,0,0,0,791,0,0,1028,0,0,2249,0,0,1619,0,0,1055,0,0,923,0,0,536,0,0,191,0,0,257,0,0,0,0,0,232,0,0,278,0,0,658,0,0,1181,0,0,2333,0,0,2044,0,0,741,0,0,639,0,0,750,0,0,327,0,0,0,0,203,0,7340,0,2579,4761,8898,0,249,8649,9386,0,203,9183
Vila Nova de Poiares,0,0,0,0,0,0,0,0,0,0,336,116,0,386,354,0,0,0,0,185,214,0,201,165,0,0,0,0,0,0,0,0,11,0,0,0,0,0,0,0,0,0,0,0,0,0,202,134,0,721,380,0,348,232,0,153,148,0,193,146,0,0,0,0,0,0,0,0,0,0,0,0,0,0,0,0,0,0,0,0,0,0,227,178,0,730,239,0,348,206,0,510,235,0,409,140,0,0,0,0,0,0,0,0,0,0,0,0,1968,0,1108,860,2657,0,1617,1040,3222,0,2224,998
Alvaiázere,0,0,0,0,0,0,0,374,0,0,580,0,0,1022,0,0,1049,0,0,750,0,0,575,0,0,0,0,0,0,0,0,0,0,0,0,0,0,0,0,0,0,0,0,270,0,0,526,0,0,785,0,0,708,0,0,499,0,0,524,0,0,490,0,0,273,0,0,0,0,0,0,0,0,0,0,0,0,0,0,306,0,0,562,0,0,1263,0,0,780,0,0,493,0,0,548,0,0,246,0,0,0,0,0,0,0,0,0,0,4350,0,4350,0,4075,0,4075,0,4198,0,4198,0
Ansião,0,247,0,0,369,0,0,451,0,0,0,154,0,954,0,0,632,0,0,729,0,0,671,0,0,489,0,0,498,0,0,329,0,0,329,0,0,356,0,0,276,0,0,491,0,0,669,0,0,0,532,0,685,0,0,421,0,0,584,0,0,478,0,0,334,0,0,0,56,0,230,0,0,203,175,0,298,87,0,451,158,0,477,352,0,897,551,0,827,357,0,1217,275,0,783,317,0,669,721,0,662,290,0,553,194,0,141,162,5852,0,5698,154,5112,0,4524,588,10817,0,7178,3639
Batalha,3302,0,0,4411,0,0,5444,0,0,6180,0,0,8341,0,0,5183,0,0,4214,0,0,5610,0,0,4271,0,0,3731,211,0,0,0,0,3178,0,0,3901,0,0,3684,0,0,5148,0,0,6267,0,0,8496,0,0,4458,0,0,4388,0,0,5015,0,0,3777,0,0,3525,0,0,2869,0,0,2777,0,0,2388,0,0,3552,0,0,0,509,0,4742,0,0,0,0,0,0,467,0,0,0,0,0,0,0,0,0,0,2743,86,0,2525,0,0,1499,0,0,54076,53865,211,0,54305,54305,0,0,18511,17449,1062,0
Castanheira de Pêra,0,0,0,0,0,0,0,0,0,0,0,0,0,0,0,0,0,0,0,0,0,0,0,0,0,0,0,0,0,0,0,0,0,0,0,0,0,0,0,0,0,0,0,0,0,0,0,0,0,893,0,0,824,0,0,0,0,0,0,0,0,0,0,0,0,0,0,0,0,0,0,0,0,0,0,0,0,0,0,0,0,0,0,0,0,898,0,0,761,0,0,422,0,0,0,0,0,0,0,0,0,0,0,0,0,0,0,0,0,0,0,0,1717,0,1717,0,2081,0,2081,0
Figueiró dos Vinhos,0,0,0,0,0,0,0,0,0,0,0,0,0,0,0,0,0,0,0,0,0,0,0,0,0,0,0,0,0,0,0,0,0,0,0,0,0,0,0,0,0,0,0,0,0,0,0,0,0,0,0,0,0,0,0,0,0,0,0,0,0,0,0,0,0,0,0,0,0,0,0,0,0,0,267,0,0,0,0,0,0,0,0,0,0,0,0,0,0,0,0,0,0,0,0,0,0,0,0,0,0,0,0,0,0,0,0,0,0,0,0,0,0,0,0,0,267,0,0,267
Leiria,17999,3075,0,21264,3009,0,26356,3591,0,34604,4157,0,44713,5256,0,29307,4437,0,22859,3906,0,26811,3859,0,19916,2887,0,17557,3660,0,14030,3194,0,14566,3314,0,17046,4225,0,16211,3452,0,23672,4375,0,27346,4493,0,40050,5838,0,29979,4468,0,20273,4153,0,22946,4134,0,18959,3749,0,15402,3460,0,12235,3216,0,13864,3248,0,15384,3534,0,16617,3583,0,22491,3691,0,26409,3904,0,42386,5447,0,28174,4853,0,21498,3787,0,25176,3539,0,19027,3627,0,13635,2951,0,11830,2687,0,9925,2791,0,334327,289982,44345,0,306794,257983,48811,0,296946,252552,44394,0
Marinha Grande,5643,648,0,4983,1200,0,8454,1152,0,12880,1021,0,22821,2586,0,15932,1609,0,10384,1534,0,7970,1080,0,6915,366,0,7038,679,0,3998,469,0,3765,389,0,4858,408,0,4119,384,0,7334,815,0,11327,1056,0,21056,2530,0,15649,1772,0,9217,977,0,6762,977,0,8033,757,0,5475,662,0,4852,657,0,3682,610,0,4116,444,0,4738,467,0,7783,796,0,12379,698,0,24489,1614,0,17919,1351,0,11355,727,0,6395,677,0,7346,679,0,3832,752,0,3907,577,0,2402,646,0,123516,110783,12733,0,113969,102364,11605,0,116089,106661,9428,0
Pedrógão Grande,0,0,0,0,0,0,0,0,0,0,0,0,0,0,0,0,0,0,0,0,0,0,0,0,0,0,0,0,0,0,0,0,20,0,0,0,0,0,0,0,0,0,0,0,0,0,0,0,0,385,116,0,0,0,0,0,0,0,0,0,0,0,0,0,0,0,0,0,0,0,0,0,0,0,0,0,0,0,0,0,0,0,0,0,0,0,0,0,0,0,0,0,0,0,0,0,0,0,0,0,0,0,0,0,0,0,0,0,20,0,0,20,501,0,385,116,0,0,0,0
Pombal,2584,1278,123,3337,1549,119,3430,0,0,3550,0,0,0,0,0,3767,0,0,3871,0,0,3993,0,0,3288,0,0,2935,0,0,2884,0,0,2325,0,0,3052,0,0,2477,0,0,3281,0,0,3538,0,0,5112,0,0,3865,0,0,3912,0,0,4032,0,0,3424,0,0,2722,0,0,2475,0,0,2175,0,0,0,0,0,2727,0,0,3177,0,0,2972,0,0,4533,0,0,3715,0,0,3399,0,0,3389,0,0,3003,0,0,0,744,0,0,827,0,0,774,0,39033,35964,2827,242,40065,40065,0,0,29260,26915,2345,0
Porto de Mós,0,300,0,0,471,651,0,0,974,0,0,1196,0,1316,1710,0,1070,883,0,804,950,0,903,895,0,825,769,0,627,781,0,448,615,0,386,609,0,544,916,0,377,585,0,552,903,0,1039,1223,0,1154,1962,0,698,1631,0,844,1086,0,936,748,0,1019,1212,0,1003,647,0,612,603,0,582,530,0,608,951,0,529,632,0,525,986,0,770,939,0,1551,1904,0,820,847,0,738,617,0,714,832,0,462,996,0,365,511,0,391,492,0,282,455,17183,0,7150,10033,21406,0,9360,12046,17917,0,7755,10162
Aguiar da Beira,0,0,227,0,0,261,0,0,306,0,0,409,0,0,0,0,0,471,0,0,331,0,0,301,0,0,195,0,0,225,0,116,0,0,0,251,0,0,199,0,0,220,0,0,256,0,0,214,0,0,807,0,0,466,0,0,366,0,0,308,0,0,275,0,0,177,0,0,215,0,0,139,0,0,303,0,0,444,0,0,346,0,0,351,0,0,651,0,0,800,0,0,301,0,0,331,0,0,292,0,0,391,0,0,0,0,223,0,3093,0,116,2977,3642,0,0,3642,4433,0,223,4210
Carregal do Sal,0,0,0,0,0,0,0,0,0,0,0,0,0,0,0,0,0,0,0,0,0,0,0,0,0,0,0,0,0,0,0,0,0,0,0,0,0,0,0,0,0,0,0,0,0,0,0,0,0,0,0,0,0,0,0,0,0,0,0,0,0,0,0,0,0,0,0,0,0,0,0,0,0,0,0,0,0,0,0,0,0,0,0,0,0,0,0,0,0,0,0,0,0,0,0,0,0,0,0,0,0,0,0,0,0,0,0,0,0,0,0,0,0,0,0,0,0,0,0,0
Castro Daire,0,69,0,0,122,0,0,86,0,0,165,0,0,0,0,0,165,0,0,196,0,0,142,0,0,118,0,0,110,0,0,63,0,0,0,0,0,0,75,0,95,0,0,138,0,0,147,0,0,284,0,0,199,0,0,159,0,0,0,179,0,143,0,0,48,0,0,63,0,0,0,0,0,0,142,0,72,0,0,0,111,0,0,159,0,0,416,0,0,181,0,0,194,0,0,71,0,0,179,0,0,162,0,0,40,0,0,0,1236,0,1236,0,1530,0,1276,254,1727,0,72,1655
Mangualde,0,0,345,1246,0,0,2175,0,0,2180,0,0,0,0,0,1606,0,0,1501,0,0,0,0,556,0,0,452,0,0,405,0,0,0,0,0,178,0,0,197,1069,0,0,2129,0,0,2338,0,0,4484,0,0,2103,0,0,1827,722,295,1676,0,0,1503,555,302,0,180,0,0,0,0,0,231,0,0,0,171,0,0,49,1830,424,161,2604,400,212,4758,571,763,1638,608,403,1326,0,0,1490,0,0,1380,0,0,0,0,133,0,0,138,0,0,0,10644,8708,0,1936,19611,17129,1688,794,19059,15026,2003,2030
Nelas,3431,368,205,4103,214,231,4807,881,230,4779,380,358,10492,635,1525,4562,1192,695,3217,995,341,3696,1004,191,3767,180,386,0,0,0,0,182,0,2251,0,0,3583,233,232,2705,657,116,5135,226,295,4996,292,405,7810,533,1180,3081,407,609,2047,449,326,1839,232,166,2177,188,543,1384,156,202,1224,0,0,782,0,0,1401,317,439,1442,0,0,3120,116,328,3164,241,367,6136,483,897,3137,130,663,2606,0,0,1981,80,209,2870,0,0,0,0,149,0,0,247,0,0,102,55298,45105,6031,4162,44210,36763,3373,4074,30625,25857,1367,3401
Oliveira de Frades,0,0,0,0,308,0,0,513,0,0,0,133,0,0,226,0,0,61,0,0,52,0,0,0,0,0,0,0,0,0,0,0,0,0,0,0,0,0,0,0,0,0,0,0,0,0,0,99,0,0,457,0,0,0,0,0,22,0,0,0,0,0,0,0,0,0,0,0,0,0,0,0,0,0,0,0,0,0,0,0,0,0,0,0,0,0,408,0,384,0,0,307,0,0,0,0,0,0,0,0,0,0,0,0,0,0,0,0,1293,0,821,472,578,0,0,578,1099,0,691,408
Penalva do Castelo,0,0,0,0,0,0,0,0,0,0,0,0,0,0,0,0,0,0,0,0,0,0,0,0,0,0,0,0,0,0,0,0,0,0,0,0,0,0,0,0,0,0,0,0,0,0,0,0,0,0,0,0,0,0,0,0,0,0,0,0,0,0,0,0,0,0,0,0,0,0,0,0,0,0,0,0,0,0,0,0,0,0,0,0,0,0,0,0,0,0,0,0,0,0,0,0,0,0,0,0,0,0,0,0,0,0,0,0,0,0,0,0,0,0,0,0,0,0,0,0
Santa Comba Dão,0,0,0,0,0,0,0,0,0,0,0,0,0,0,0,0,0,0,0,0,0,0,0,0,0,0,0,0,0,0,0,0,0,0,0,0,0,0,0,0,0,0,0,0,0,0,0,0,0,0,0,0,0,0,0,0,0,0,0,0,0,0,0,0,0,0,0,0,0,0,0,0,0,0,0,0,0,0,0,0,0,0,0,0,0,0,0,0,0,0,0,0,0,0,0,0,0,0,0,0,0,0,0,0,0,0,0,0,0,0,0,0,0,0,0,0,0,0,0,0
São Pedro do Sul,6096,876,240,9897,1903,411,11358,2956,775,11773,3849,1062,15739,4919,2161,9058,2975,1281,9297,2137,683,8443,1908,541,9298,2120,343,8790,0,0,5313,778,206,3401,321,83,6304,864,315,8767,2040,491,9973,3514,639,12381,5214,1169,15850,5903,2368,9596,3551,1474,9943,2264,1101,8066,2380,297,8930,2359,590,5133,1078,165,4619,0,0,2983,0,0,5435,712,283,7820,1133,635,11661,2318,897,12049,2867,1260,18371,3698,2280,10505,2196,1622,8680,1782,972,8823,1424,613,7997,1463,552,5596,0,0,5134,0,0,1799,124,42,140991,108463,24742,7786,140321,102545,29167,8609,130743,103870,17717,9156
Sátão,0,152,0,0,0,0,0,0,0,0,0,0,0,0,0,0,0,0,0,0,0,0,0,0,0,0,0,0,0,0,0,0,55,0,0,0,0,0,0,0,0,0,0,0,0,0,0,0,0,664,39,0,0,0,0,0,0,0,0,0,0,0,0,0,0,0,0,0,0,0,0,0,0,0,0,0,0,0,0,0,0,0,0,0,0,0,0,0,0,0,0,0,0,0,0,0,0,182,0,0,0,0,0,0,0,0,0,0,207,0,152,55,703,0,664,39,182,0,182,0
Tondela,1842,106,429,1972,0,0,1883,154,588,3238,361,980,5539,603,1461,3489,125,1367,2699,0,0,0,0,552,0,0,544,0,0,0,1800,0,0,0,0,224,2085,1045,346,1735,1274,283,2220,610,656,3135,302,1056,5962,418,1385,3331,325,1527,2628,282,538,2351,462,424,2607,466,251,1431,494,144,1502,0,0,1238,0,0,1360,647,209,1535,242,204,2079,253,275,3202,513,605,4631,512,694,2511,379,381,2253,0,0,1740,0,0,0,0,179,0,0,153,0,148,0,0,0,0,29956,22462,1349,6145,42513,30225,5678,6610,24705,19311,2694,2700
Vila Nova de Paiva,0,0,0,0,0,0,0,0,0,0,0,0,0,0,0,0,0,0,0,0,0,0,0,0,0,0,0,0,0,0,0,0,0,0,0,0,0,0,0,0,0,0,0,0,0,0,0,0,0,0,0,0,0,0,0,0,0,0,0,0,0,0,0,0,0,0,0,0,0,0,0,0,0,0,0,0,0,0,0,0,0,0,0,0,0,0,0,0,0,0,0,0,0,0,0,0,0,0,0,0,0,0,0,0,0,0,0,0,0,0,0,0,0,0,0,0,0,0,0,0
Viseu,17041,2272,202,18990,2818,198,20619,2186,367,23074,3183,753,33375,4816,1364,20490,3090,501,18868,1936,386,19133,2232,416,19808,2048,410,18875,2304,209,13787,1585,130,10677,0,0,14555,2838,162,13443,2180,60,17376,2554,255,20461,2685,449,26854,3051,606,16703,2258,313,14953,2320,348,16318,1797,357,17015,2018,339,14151,1367,158,13525,1575,178,11663,1393,54,14162,1260,120,12663,1304,134,16706,1810,218,20471,2507,443,29151,3975,1054,18884,2574,476,17566,1946,303,16224,1386,316,16956,1745,329,14831,0,0,11323,856,114,8374,0,0,268143,234737,28470,4936,226332,197017,26036,3279,220181,197311,19363,3507
Vouzela,0,174,655,0,141,461,0,0,0,0,227,1544,0,532,3286,0,342,2070,0,243,1256,0,274,858,0,0,0,0,0,0,0,247,303,0,0,0,0,195,805,0,153,555,0,162,1185,0,261,1480,0,645,3076,0,292,2088,0,220,1163,0,251,841,0,321,1049,0,160,285,0,127,333,0,74,195,0,152,271,0,66,347,0,142,814,0,322,1356,0,557,2428,0,276,2101,0,213,1051,0,253,1096,0,144,698,0,0,0,0,0,0,0,0,0,12613,0,2180,10433,15916,0,2861,13055,12287,0,2125,10162
Castelo Branco,5896,2009,190,6112,2043,232,7832,2421,339,8010,2309,567,9276,3066,974,8259,2317,617,7690,2293,567,7790,2328,348,5781,2211,301,6006,0,0,5065,0,0,4062,0,0,5648,2567,290,5467,2718,191,6203,3491,424,6602,2845,542,8667,3744,920,6818,3890,669,6794,3634,601,5836,3685,500,5923,3522,485,4801,3340,193,4815,2753,205,4135,3225,183,4949,2924,221,4694,3390,233,6143,3845,356,5919,2931,491,7514,4007,961,6754,3062,626,5853,3729,459,6584,3865,499,7198,4518,391,6333,3823,154,5721,0,0,4702,0,0,106911,81779,20997,4135,116326,71709,39414,5203,112849,72364,36094,4391
Idanha-a-Nova,1152,0,0,901,180,835,1996,0,0,2678,0,0,4601,299,3294,3114,0,0,0,0,1455,0,0,1366,1524,0,0,1291,0,0,1342,84,714,982,0,0,1711,0,0,1309,0,0,2162,0,0,1833,184,1657,4874,621,2709,3610,386,2214,2374,201,1314,2178,389,1238,2802,302,1568,1494,138,795,1343,68,1061,1305,31,645,1450,0,0,1384,75,800,0,0,1695,0,0,1724,4258,392,3852,3912,392,2227,2521,356,2090,1616,295,1508,2090,0,0,1199,0,0,1158,0,0,1158,0,0,27808,19581,563,7664,42516,26995,2320,13201,36152,20746,1510,13896
Oleiros,0,0,0,0,0,0,0,0,0,0,0,0,0,0,0,0,0,0,0,0,0,0,0,0,0,0,0,0,0,0,0,20,0,0,0,0,0,0,0,0,0,0,0,0,0,0,0,0,0,0,0,0,0,0,0,0,0,0,0,0,0,0,0,0,0,67,0,0,0,0,0,0,0,0,0,0,0,0,0,0,0,0,0,0,0,0,0,0,0,0,0,0,0,0,0,0,0,0,0,0,0,0,0,0,0,0,0,0,20,0,20,0,67,0,0,67,0,0,0,0
Penamacor,0,0,0,0,0,0,0,0,0,0,0,0,0,0,0,0,0,0,0,0,0,0,0,0,0,0,0,0,0,0,0,0,0,0,0,0,0,0,0,0,0,0,0,0,0,0,0,0,0,0,0,0,0,304,0,0,116,0,0,0,0,0,0,0,0,82,0,0,0,0,0,0,0,0,0,0,0,0,0,0,0,0,0,0,0,0,280,0,0,183,0,0,223,0,0,0,0,0,0,0,0,0,0,0,0,0,0,0,0,0,0,0,502,0,0,502,686,0,0,686
Proença-a-Nova,0,0,0,0,0,0,0,0,0,0,0,0,0,0,0,0,0,0,0,0,0,0,0,0,0,0,0,0,0,0,0,26,48,0,0,0,0,0,0,0,0,0,0,0,0,0,0,0,0,0,0,0,0,0,0,0,0,0,0,0,0,0,0,0,0,0,0,0,0,0,0,0,0,0,0,0,0,0,0,0,0,0,0,0,0,0,0,0,0,0,0,0,0,0,0,0,0,0,0,0,0,0,0,0,0,0,0,0,74,0,26,48,0,0,0,0,0,0,0,0
Sertã,2537,672,146,2425,1350,258,3334,1659,202,4172,1861,340,8228,2577,1013,0,0,0,0,0,412,0,0,182,0,0,142,0,0,0,1869,1472,101,0,0,0,0,570,0,0,0,65,0,1823,0,0,0,0,0,0,980,0,0,0,0,1798,0,0,0,226,4429,1937,271,2210,1693,63,2369,1295,95,973,0,0,2321,504,155,1865,1417,89,3522,1620,197,5250,1729,266,9403,1910,1189,6446,1616,913,4764,1475,369,3718,1394,215,3899,1527,336,1306,0,0,827,0,0,857,752,22,34952,22565,9591,2796,20797,9981,9116,1700,61873,44178,13944,3751
Vila de Rei,0,213,0,0,254,0,0,306,0,0,421,0,0,764,0,0,0,0,0,0,108,0,0,30,0,0,58,0,0,0,397,67,50,0,0,0,0,132,0,0,0,56,0,208,0,0,0,0,0,0,262,0,0,0,0,246,0,0,0,70,0,220,176,0,181,24,0,142,64,0,0,0,0,117,103,0,166,48,0,291,106,0,371,132,0,429,150,0,250,220,0,177,79,0,140,12,0,221,30,0,0,0,0,0,0,0,126,0,2668,397,2025,246,1781,0,1129,652,3168,0,2288,880
Vila Velha de Ródão,0,0,231,0,0,319,0,0,221,0,0,0,0,0,0,0,0,0,0,0,326,0,0,0,0,0,0,0,0,0,0,0,0,0,0,0,0,0,152,0,0,163,0,0,825,0,0,0,0,0,917,0,339,0,0,399,0,0,268,0,0,159,0,0,0,420,0,0,0,0,0,286,0,0,351,0,0,0,0,317,464,0,725,620,0,605,560,0,450,536,0,472,521,0,702,433,0,383,517,0,0,0,0,0,0,0,0,0,1097,0,0,1097,3928,0,1165,2763,7656,0,3654,4002
Almeida,0,517,0,0,0,0,0,0,0,0,0,0,0,0,0,0,0,0,0,0,0,0,923,0,0,0,0,0,0,0,0,0,0,0,0,0,0,0,0,0,0,0,0,0,0,0,0,0,0,0,0,0,0,0,0,601,0,0,0,0,0,0,0,0,0,0,0,0,0,0,0,0,0,0,0,0,0,0,0,0,0,0,0,0,0,1601,0,0,940,0,0,0,0,0,0,0,0,0,0,0,0,0,0,0,0,0,0,0,1440,0,1440,0,601,0,601,0,2541,0,2541,0
Belmonte,1614,0,0,1528,0,0,1577,0,0,2418,0,0,3692,0,0,1786,0,0,1788,0,0,2679,0,0,0,250,0,0,0,0,1808,0,0,0,172,0,1942,0,0,1159,0,0,1788,0,0,2289,0,0,4213,0,0,2296,0,0,2476,0,0,2380,0,0,2955,0,0,1603,0,0,2221,0,0,1591,0,0,1955,0,0,1271,0,0,2238,257,0,2012,179,0,4039,488,0,2440,0,0,2382,0,0,1890,191,0,2481,0,0,1340,0,0,1583,0,0,1488,162,0,19312,18890,422,0,26913,26913,0,0,26396,25119,1277,0
Celorico da Beira,0,0,531,0,0,472,0,0,571,0,0,855,0,0,1125,0,0,603,0,0,651,0,0,534,0,0,0,0,0,0,0,0,420,0,0,0,0,0,518,0,0,443,0,0,646,0,0,831,0,0,1289,0,0,713,0,0,833,0,0,511,0,0,0,0,0,0,0,0,649,0,0,312,0,0,604,0,0,350,0,0,385,0,0,554,0,0,1212,0,0,635,0,0,642,0,0,380,0,0,362,0,0,288,0,0,219,0,0,92,5762,0,0,5762,6745,0,0,6745,5723,0,0,5723
Covilhã,25760,2200,2467,23877,1675,1878,21621,1472,1537,24004,1761,1612,33805,3143,4147,22250,1681,2540,19131,1169,1725,19212,1138,1327,21357,1501,1313,27430,2532,2001,25469,2568,2472,27406,2115,1625,28475,2673,1899,21256,1663,762,20669,1420,953,22497,1724,1214,32100,3152,3278,22930,1627,2240,20545,1949,1633,17331,1557,823,22083,1609,1011,19291,2266,713,28902,3272,1362,25270,2639,989,21069,2859,1373,18886,2047,449,19461,2075,621,21069,1567,710,30647,3586,2192,21843,2526,1153,18878,1727,943,16116,1747,608,23971,2601,845,19742,2363,618,22328,3114,809,22969,2623,830,338921,291322,22955,24644,323777,281349,25551,16877,296965,256979,28835,11151
Figueira de Castelo Rodrigo,0,0,218,0,0,269,0,0,449,0,0,430,0,0,0,0,0,304,0,0,364,0,0,501,0,0,0,0,0,0,0,0,261,0,0,0,0,186,0,0,186,0,0,384,0,0,278,0,0,411,978,0,0,668,0,325,370,0,0,429,0,0,616,0,306,0,0,0,337,0,0,159,0,365,0,0,163,0,0,314,0,0,0,585,0,0,1025,0,0,585,0,366,0,0,0,500,0,0,475,0,0,297,0,0,347,0,43,0,2796,0,0,2796,5633,0,2076,3557,5065,0,1251,3814
Fornos de Algodres,0,0,278,0,0,172,0,0,295,0,0,630,0,0,0,0,0,1072,0,0,573,0,0,325,0,0,508,0,0,355,0,0,345,0,0,0,0,0,461,0,0,138,0,0,276,0,0,580,0,0,1608,0,0,1062,0,0,601,0,0,295,0,0,552,0,0,178,0,0,408,0,0,304,0,0,317,0,0,122,0,0,257,0,0,451,0,0,1273,0,0,996,0,0,290,0,0,299,0,0,401,0,0,0,0,0,0,0,0,209,4553,0,0,4553,6463,0,0,6463,4615,0,0,4615
Fundão,12693,612,817,13568,667,853,13303,645,776,13696,581,1074,14479,1360,2858,0,0,1791,12490,706,1458,12404,452,963,0,0,684,0,0,1007,10347,850,814,0,0,638,7989,530,1087,5320,411,716,4090,495,1110,10239,772,1137,11089,1536,2619,8964,1027,1839,10548,905,1352,8332,691,713,8624,454,902,5780,555,456,8202,516,767,6701,292,449,5038,279,876,4325,423,609,5571,469,634,6443,596,1069,9306,942,2138,7979,528,1614,6358,594,1639,5397,373,883,5016,635,1098,6261,678,529,4402,611,716,6073,412,289,122586,102980,5873,13733,117209,95878,8184,13147,90803,72169,6540,12094
Gouveia,0,0,1669,0,0,1111,0,0,1282,0,0,797,0,0,2365,0,0,0,0,0,1186,0,0,1420,0,0,1713,0,0,1688,0,0,1392,0,0,918,0,0,1477,0,0,1532,0,0,1724,0,0,1701,0,0,4371,0,0,1971,0,0,1292,0,0,1482,0,0,1793,0,0,1611,0,0,1532,0,0,1660,0,0,2570,0,0,2636,0,0,2731,0,0,1654,0,0,4249,0,0,1791,0,0,1560,0,0,1194,0,0,1150,0,0,1546,0,0,1318,0,0,785,15541,0,0,15541,22146,0,0,22146,23184,0,0,23184
Guarda,4963,1633,711,4671,1690,467,5311,1943,664,5210,2223,1012,6713,3135,2091,0,0,985,5212,1985,705,5551,2141,848,0,0,627,0,0,503,4762,2054,693,3743,1852,531,4199,1843,938,3985,1597,397,4794,1946,859,5112,2203,858,6283,3217,1490,5959,2907,1339,5661,2155,954,4769,2290,851,5219,2569,846,4180,1957,374,4031,1926,619,3793,1608,364,4732,1678,809,3651,1544,340,4381,1827,522,4462,1725,617,5188,3289,1253,4389,2865,738,3533,2380,494,2950,2308,429,2997,2413,586,2919,1598,299,0,0,0,0,0,0,74629,46136,18656,9837,94092,57985,26218,9889,66916,39202,21627,6087
Manteigas,4914,478,1217,5498,660,1231,4802,60,848,5505,555,1161,4742,493,1623,4577,146,934,4174,110,799,3913,421,877,4712,202,894,4683,340,1006,4376,404,1024,4244,188,1091,5416,323,1195,4915,163,641,4950,135,923,5389,239,1033,5053,280,1427,5255,98,880,3847,229,1010,3733,203,875,5148,256,1016,3669,232,629,4596,517,1183,4944,195,970,5606,373,1019,3599,171,678,4419,185,906,4128,163,916,5809,456,1413,5383,202,1141,4579,307,862,3622,231,963,5311,388,1191,4553,270,901,4050,292,902,4542,291,967,72902,56140,4057,12705,71567,56915,2870,11782,70789,55601,3329,11859
Mêda,0,0,0,0,0,0,0,0,0,0,0,0,0,0,0,0,0,0,0,0,0,0,0,0,0,0,0,0,0,0,0,0,0,0,0,0,0,0,0,0,0,0,0,0,0,0,0,0,0,0,0,0,0,0,0,0,1565,0,0,1441,0,0,1988,0,0,0,0,0,0,0,0,0,0,0,0,0,0,0,0,0,0,0,0,0,0,0,0,0,0,0,0,0,0,0,0,0,0,0,0,0,0,0,0,0,0,0,0,0,0,0,0,0,4994,0,0,4994,0,0,0,0
Pinhel,0,0,0,0,0,0,0,0,0,0,0,0,0,0,0,0,0,0,0,0,0,0,0,0,0,0,0,0,0,0,0,0,0,0,0,0,0,0,0,0,0,0,0,0,0,0,0,0,0,0,0,0,0,0,0,0,0,0,0,0,0,0,0,0,0,0,0,0,0,0,0,0,0,0,0,0,0,0,0,0,0,0,0,0,0,0,0,0,0,0,0,0,0,0,0,0,0,0,0,0,0,0,0,0,0,0,0,0,0,0,0,0,0,0,0,0,0,0,0,0
Sabugal,0,307,1607,0,292,1255,0,318,1754,0,294,1810,0,1264,2843,0,560,1586,0,439,1502,0,319,1493,0,372,1534,0,365,1651,0,242,1694,0,241,1485,0,377,1964,0,341,1062,0,411,1551,0,337,1525,0,1006,2238,0,697,1696,0,353,1362,0,337,971,0,451,1758,0,253,1175,0,187,1343,0,162,1295,0,330,1665,0,394,1170,0,360,1649,0,542,1445,0,1309,2494,0,934,1668,0,864,1170,0,767,1074,0,892,2011,0,619,1143,0,275,1347,0,232,1244,25227,0,5013,20214,22852,0,4912,17940,25598,0,7518,18080
Seia,3468,4577,3498,2334,3342,1946,1692,1919,1577,2419,2448,2351,5992,7687,6110,3712,3397,3029,0,2695,0,0,2173,0,0,2901,0,0,4076,0,3056,3737,3510,0,3334,0,3935,3795,3581,1461,1288,1222,1914,1205,1914,2068,1695,2617,5382,4803,5997,3176,2371,3081,1850,1182,1842,1798,903,1682,2750,1889,2539,2621,1801,2097,4045,3620,3657,2602,2376,3406,2797,2842,3377,1652,988,1711,1862,811,1928,1912,1310,1957,5138,3497,4921,2782,1975,3078,1898,1417,2588,1806,775,1197,3304,1975,2835,2055,1480,2177,2372,1955,3218,2463,1862,3261,86980,22673,42286,22021,94165,33602,26928,33635,83176,30041,20887,32248
Trancoso,0,0,0,0,342,0,0,559,0,0,0,254,0,0,0,0,0,390,0,0,265,0,525,0,0,0,241,0,0,108,0,0,172,0,0,0,0,0,226,0,0,0,0,0,180,0,0,217,0,0,585,0,0,0,0,0,239,0,0,156,0,0,217,0,407,0,0,393,0,0,0,71,0,0,150,0,0,103,0,0,132,0,0,161,0,0,568,0,1004,0,0,878,0,0,868,0,0,708,0,0,548,0,0,0,0,0,0,0,2856,0,1426,1430,2691,0,800,1891,5120,0,4006,1114
Alcobaça,0,632,0,7160,887,1166,7899,1285,1258,9428,2275,1858,0,6456,0,9154,4099,2674,6599,2545,1502,6851,2117,1257,5817,1897,955,0,0,0,5127,767,813,0,0,0,5760,732,814,4962,622,876,7685,2025,1385,9076,2354,1616,14659,6831,3285,9633,4732,2611,6603,2575,1452,6439,1975,1445,6953,1838,1322,4927,964,859,4076,897,796,3986,674,570,4282,670,835,3979,873,806,5455,1208,1297,7278,2459,1687,11702,7363,3324,9279,4643,2443,6446,2639,1443,4770,2199,1325,0,0,1375,3282,724,798,0,0,722,2456,604,467,92478,58035,22960,11483,128009,84759,26219,17031,98833,58929,23382,16522
Alenquer,0,683,86,0,931,101,0,1682,337,0,2048,404,0,2226,320,0,0,0,0,2392,264,0,2821,238,0,0,0,0,0,0,0,0,0,0,0,0,0,0,0,0,0,0,0,2370,230,0,2580,456,0,2296,373,0,2439,297,0,2185,262,0,0,0,0,1678,139,0,0,0,0,0,0,0,0,0,0,0,0,0,842,131,0,934,241,0,1105,274,0,963,287,0,1088,220,0,972,109,0,983,152,0,0,0,0,0,0,0,0,0,0,278,0,14533,0,12783,1750,15305,0,13548,1757,8579,0,7165,1414
Arruda dos Vinhos,0,0,0,0,0,0,0,951,0,0,1008,0,0,0,0,0,0,0,0,0,0,0,0,0,0,0,0,0,0,0,0,0,0,0,0,0,0,0,0,0,0,0,0,0,0,0,875,0,0,1292,0,0,663,0,0,871,0,0,0,0,0,0,0,0,0,0,0,0,0,0,0,0,0,0,0,0,0,0,0,0,0,0,0,0,0,0,0,0,0,0,0,0,0,0,0,0,0,0,0,0,0,0,0,0,0,0,0,0,1959,0,1959,0,3701,0,3701,0,0,0,0,0
Bombarral,0,155,0,0,0,0,0,306,0,0,0,0,0,0,0,0,0,0,0,0,0,0,0,0,0,165,0,0,0,0,0,0,97,0,0,0,0,346,0,0,403,0,0,748,0,0,1013,0,0,917,0,0,833,0,0,414,0,0,546,0,0,0,0,0,0,0,0,0,0,0,0,0,0,0,0,0,0,0,0,0,0,0,0,0,0,1428,0,0,0,0,0,0,0,0,0,0,0,0,0,0,0,0,0,0,0,0,0,0,723,0,626,97,5220,0,5220,0,1428,0,1428,0
Cadaval,0,0,0,0,0,0,0,109,499,0,192,941,0,597,1492,0,594,891,0,390,641,0,279,521,0,0,0,0,0,0,0,0,0,0,0,0,0,0,0,0,188,165,0,132,577,0,451,746,0,973,1479,0,2732,874,0,0,0,0,0,0,0,0,0,0,0,0,0,0,0,0,0,0,0,0,0,0,0,0,0,0,0,0,0,0,0,392,1894,0,2556,989,0,201,787,0,0,0,0,0,0,0,0,0,0,0,254,0,0,0,7146,0,2161,4985,8317,0,4476,3841,7073,0,3149,3924
Caldas da Rainha,12135,1295,520,9565,1038,481,15357,1395,707,19870,1927,1203,27172,2940,2981,19613,2150,2538,16947,1251,985,16158,1369,805,16654,1204,439,11969,1436,509,7446,623,252,6602,0,0,12431,1485,442,9344,767,376,16182,1325,709,19170,1772,1403,28455,3441,2732,21096,2783,2241,17058,1774,1008,13034,1530,716,16557,1030,609,12063,892,248,7184,836,207,5173,961,191,9390,1540,202,9458,1461,216,15974,1096,600,16804,1754,951,26674,3654,1965,18999,2533,1335,15633,1598,839,11721,1476,444,12929,1359,421,9720,739,106,5439,377,141,3106,461,50,207536,179488,16628,11420,207225,177747,18596,10882,181165,155847,18048,7270
Lourinhã,2317,814,350,0,703,0,0,2988,0,3081,4265,979,6558,7191,1482,4693,5553,1082,2589,3381,844,2368,2739,1139,0,0,0,2258,615,859,1975,461,467,1903,0,0,2005,529,595,1863,1008,678,2747,2757,864,3328,3854,949,4537,6511,1765,3936,4434,1320,2066,2932,980,1899,2698,865,2523,2054,1250,1584,786,779,1306,541,555,1058,641,334,1077,613,627,1094,1253,596,1866,2692,1117,2339,3862,1237,4092,6921,1962,3062,5250,1579,2250,3321,817,1456,2439,782,2034,1730,934,1371,1012,490,756,785,458,810,493,323,63654,27742,28710,7202,68531,28852,28745,10934,63500,22207,30371,10922
Nazaré,10595,0,0,13850,0,0,20061,0,0,22502,0,0,28851,0,0,24075,0,0,0,5351,0,19334,0,0,16490,0,0,13148,0,0,11889,0,0,10043,0,0,11704,0,0,13965,0,0,20946,0,0,24182,0,0,29842,0,0,26567,0,0,19362,0,0,16377,0,0,17289,0,0,11072,0,0,12180,0,0,9370,0,0,9940,0,0,11947,0,0,16674,0,0,20006,0,0,27138,0,0,0,8170,0,0,0,0,14546,0,0,14122,0,0,8598,0,0,10236,0,0,6427,0,0,196189,190838,5351,0,212856,212856,0,0,147804,139634,8170,0
Óbidos,18499,807,3274,15632,448,2361,22222,1033,3118,22912,1210,4650,37463,1890,6804,28091,1538,5597,20940,1087,3621,23221,1289,2855,19010,772,2572,20839,652,2835,14639,326,1826,10198,0,0,20078,1055,3438,14452,574,1989,23865,1246,3290,22416,1531,4126,36445,2120,5972,26136,1593,4708,21959,1417,3396,21344,915,3289,22250,503,3484,15878,237,2103,11980,0,0,6509,0,0,17722,281,3028,12096,237,2255,20845,547,3726,22588,873,4394,34727,1559,6494,27946,1035,5340,21983,611,3454,17754,307,3093,20754,319,3221,10057,137,2072,8442,134,1407,6024,71,1003,304231,253666,11052,39513,290298,243312,11191,35795,266536,220938,6111,39487
Peniche,6879,0,0,6429,0,0,9486,0,0,0,12808,0,25297,0,0,19898,0,0,0,11249,0,11022,0,0,9745,0,0,11100,0,0,5947,0,0,4057,0,0,6720,0,0,5778,0,0,10443,13154,789,14917,16973,1149,25361,25757,2126,19315,0,0,11555,13391,1033,10210,11837,428,11782,0,0,9007,0,0,5414,0,0,4173,0,0,0,3802,0,0,4612,0,9983,9742,603,13374,12682,1248,24498,22251,2433,19666,18292,2009,12274,10473,952,9299,8182,417,10076,0,0,0,5170,0,0,2029,0,0,0,0,133917,109860,24057,0,221312,134675,81112,5525,204067,99170,97235,7662
Sobral de Monte Agraço,0,0,0,0,0,0,0,242,0,0,320,0,0,0,0,0,223,0,0,0,0,0,177,0,0,0,0,0,0,0,0,0,0,0,0,0,0,0,0,0,0,0,0,0,0,0,241,0,0,248,0,0,210,0,0,125,0,0,149,0,0,160,0,0,0,0,0,0,0,0,0,0,0,0,0,0,0,0,0,150,0,0,245,0,0,219,0,0,412,0,0,181,0,0,131,0,0,0,0,0,0,0,0,0,0,0,0,0,962,0,962,0,1133,0,1133,0,1338,0,1338,0
Torres Vedras,10251,1443,567,14662,2766,771,18595,5735,982,24016,6255,1098,0,0,0,0,0,0,0,5916,0,0,0,0,18855,0,0,18094,0,0,0,2681,0,7727,0,0,0,0,0,0,2593,0,0,5978,0,0,0,0,0,0,0,0,0,0,0,0,0,0,0,0,0,0,0,0,0,0,0,0,0,0,0,0,12575,0,0,12623,0,0,0,4267,0,0,5106,0,0,6622,0,26967,0,0,0,0,0,0,0,0,20159,0,0,13455,0,0,8713,966,0,5587,987,0,140414,112200,24796,3418,8571,0,8571,0,118027,100079,17948,0
Abrantes,2214,348,451,2586,245,501,2913,613,480,3461,679,657,4531,1507,1703,4038,785,631,3121,592,386,3174,407,411,2711,0,0,2173,0,0,1716,255,91,2028,0,0,2078,0,0,2282,216,229,2627,611,288,3260,391,352,4698,1013,907,2617,393,618,2657,323,238,2554,159,254,3015,257,335,1731,0,0,1777,67,65,1741,0,0,2204,481,123,2101,327,183,2685,507,195,2917,542,351,4255,662,1163,3540,453,682,2751,372,520,2541,243,263,2811,297,306,1762,155,179,1155,192,272,916,94,160,45408,34666,5431,5311,37753,31037,3430,3286,38360,29638,4325,4397
Alcanena,0,0,0,0,0,0,0,0,0,0,0,0,0,0,0,0,0,0,0,0,0,0,0,0,0,0,0,0,0,0,0,0,0,0,0,0,0,0,0,0,0,0,0,0,0,0,0,0,0,0,0,0,0,0,0,0,0,0,0,0,0,0,0,0,0,0,0,0,0,0,0,0,0,0,0,0,0,0,0,0,0,0,0,0,0,0,0,0,0,0,0,0,0,0,0,0,0,0,0,0,0,0,0,0,0,0,0,0,0,0,0,0,0,0,0,0,0,0,0,0
Constância,0,0,0,0,0,0,0,0,0,0,0,0,0,0,0,0,0,0,0,0,0,0,0,0,0,0,0,0,0,0,0,0,0,0,0,0,0,0,0,0,0,0,0,0,0,0,0,0,0,0,0,0,0,0,0,0,0,0,0,0,0,0,0,0,0,0,0,0,0,0,0,0,0,0,0,0,0,0,0,0,0,0,0,0,0,0,0,0,0,0,0,0,0,0,0,0,0,0,0,0,0,0,0,0,0,0,0,0,0,0,0,0,0,0,0,0,0,0,0,0
Entroncamento,0,0,0,0,0,0,0,0,0,0,0,0,0,0,0,0,0,0,0,0,0,0,0,0,0,0,0,0,0,0,0,0,0,0,0,0,0,0,0,0,0,0,0,0,0,0,0,0,0,0,0,0,0,0,0,0,0,0,0,0,0,0,0,0,0,0,0,0,0,0,0,0,0,0,0,0,0,0,0,0,0,0,0,0,0,0,0,0,0,0,0,0,0,0,0,0,0,0,0,0,0,0,0,0,0,0,0,0,0,0,0,0,0,0,0,0,0,0,0,0
Ferreira do Zêzere,0,471,0,0,384,0,0,693,0,2256,474,296,4490,831,737,2969,896,314,2064,532,316,1299,312,148,0,532,0,0,273,0,0,246,0,0,249,0,0,485,0,0,325,0,0,380,0,2163,290,257,4198,1025,566,3111,659,326,2344,606,274,1401,437,257,0,0,161,0,322,0,0,182,0,0,0,0,0,312,0,0,230,0,0,307,0,2417,517,208,5016,1436,411,3381,1112,302,2837,542,251,1815,230,91,2239,155,126,0,0,0,0,85,0,0,0,0,20782,13078,5893,1811,19769,13217,4711,1841,24020,17705,4926,1389
Mação,0,0,0,0,0,41,0,0,54,0,0,112,0,0,289,0,144,0,0,0,0,0,0,0,0,0,0,0,0,0,0,0,27,0,0,0,0,0,0,0,0,0,0,0,47,0,0,158,0,315,0,0,200,0,0,0,135,0,0,0,0,0,179,0,0,0,0,0,76,0,0,0,0,0,0,0,0,0,0,0,0,0,72,0,0,0,310,0,0,207,0,0,0,0,0,0,0,0,114,0,0,35,0,0,0,0,0,0,667,0,144,523,1110,0,515,595,738,0,72,666
Ourém,46075,3458,376,85623,9152,403,138549,14040,793,132179,13786,690,133984,16055,1209,98312,10900,681,103690,12169,712,121541,13688,890,107428,0,0,80015,0,0,50667,0,0,37073,0,0,51051,3212,439,77274,6292,506,129254,11487,713,132406,12002,741,138122,13730,1112,102868,11214,853,96537,9193,839,104420,9618,776,98400,8373,880,53016,4685,371,39574,2318,425,27029,1589,461,34635,2223,480,59017,4804,518,108523,11338,642,102163,11516,720,111878,15546,1233,78702,8723,925,69318,8184,733,73266,8418,975,64779,7663,711,31631,3982,459,22858,0,0,11089,0,0,1234138,1135136,93248,5754,1151780,1049951,93713,8116,857652,767859,82397,7396
Sardoal,0,0,0,0,0,0,0,0,0,0,0,0,0,0,0,0,0,0,0,0,0,0,0,0,0,0,0,0,0,0,0,88,0,0,0,0,0,0,0,0,180,0,0,335,0,0,349,0,0,468,0,0,436,0,0,379,0,0,193,0,0,262,0,0,214,0,0,277,0,0,0,0,0,216,0,0,304,0,0,355,0,0,277,0,0,692,0,0,476,0,0,303,0,0,0,0,0,0,0,0,0,0,0,0,0,0,0,0,88,0,88,0,3093,0,3093,0,2623,0,2623,0
Tomar,10003,0,0,11235,2661,179,12097,3549,434,14195,4068,442,14371,7189,1112,11721,4551,901,9816,3553,469,12379,4005,717,8961,0,0,9461,0,0,7377,1649,175,5942,0,0,5455,1732,194,7032,2540,409,9156,3579,163,10489,3842,689,9510,5566,1339,8274,4302,1197,7759,2751,386,11277,3540,394,7790,3616,472,6075,2276,180,4790,0,0,3419,0,0,4908,1839,111,6194,2262,348,7937,3163,41,9414,3774,306,10798,6319,898,8905,4901,1055,7815,3708,582,8912,4012,273,7210,2895,299,4056,1970,62,3672,0,0,2138,0,0,163212,127558,31225,4429,130193,91026,33744,5423,120777,81959,34843,3975
Torres Novas,0,0,554,0,0,764,0,0,732,0,0,0,0,0,1569,0,0,1103,0,0,863,0,0,738,0,0,508,0,0,352,0,0,0,0,0,0,0,0,464,0,0,0,0,0,0,0,0,0,0,0,0,0,0,0,0,0,0,0,0,0,0,0,0,0,0,0,0,0,0,0,0,0,0,0,0,0,0,0,0,0,0,0,0,0,0,0,0,0,0,0,0,0,0,0,0,0,0,0,0,0,0,0,0,0,0,0,0,243,7183,0,0,7183,464,0,0,464,243,0,0,243
Vila Nova da Barquinha,0,0,0,0,0,0,0,0,0,0,0,0,0,0,0,0,0,0,0,0,0,0,0,0,0,0,0,0,0,0,0,0,0,0,0,0,0,0,0,0,0,0,0,0,0,0,0,0,0,0,0,0,0,0,0,0,0,0,0,0,0,0,0,0,0,0,0,0,0,0,0,0,0,0,0,0,0,0,0,0,0,0,0,0,0,0,0,0,0,0,0,0,0,0,0,0,0,0,0,0,0,0,0,0,0,0,0,0,0,0,0,0,0,0,0,0,0,0,0,0
Almeirim,0,362,0,0,0,518,0,0,378,0,0,400,0,0,1382,0,705,0,0,866,0,0,756,0,0,487,0,0,0,0,0,0,0,0,0,250,0,667,0,0,666,0,0,0,398,0,573,0,0,0,1287,0,0,698,0,0,504,0,0,558,0,475,0,0,0,0,0,0,0,0,0,0,0,374,0,0,362,0,0,409,0,0,0,438,0,506,0,0,625,0,0,839,0,0,0,249,0,0,0,0,0,0,0,0,0,0,0,0,6104,0,3176,2928,5826,0,2381,3445,3802,0,3115,687
Alpiarça,0,0,0,0,0,0,0,69,0,0,201,0,0,326,0,0,153,0,0,478,0,0,0,0,0,0,0,0,0,0,0,0,0,0,0,0,0,50,0,0,135,0,0,175,0,0,418,0,0,889,0,0,333,0,0,114,0,0,111,0,0,0,0,0,0,0,0,0,0,0,0,0,0,0,0,0,0,0,0,0,0,0,0,0,0,152,0,0,58,0,0,0,0,0,0,0,0,0,0,0,0,0,0,0,0,0,0,0,1227,0,1227,0,2225,0,2225,0,210,0,210,0
Azambuja,0,0,0,0,0,0,0,0,0,0,0,0,0,0,0,0,0,0,0,0,0,0,832,0,0,0,0,0,0,0,0,704,0,0,641,0,0,0,0,0,0,0,0,0,0,0,0,0,0,0,0,0,0,0,0,0,0,0,0,0,0,0,0,0,0,0,0,0,0,0,0,0,0,0,0,0,0,0,0,770,0,0,0,0,0,0,0,0,0,0,0,0,0,0,0,0,0,0,0,0,0,0,0,0,0,0,0,0,2177,0,2177,0,0,0,0,0,770,0,770,0
Benavente,1395,0,0,1536,0,0,0,0,0,2135,0,0,0,0,0,0,0,0,0,0,0,0,0,0,0,0,0,0,0,0,0,0,0,0,0,0,1400,0,0,1724,0,0,2146,0,0,2185,0,0,2445,0,0,1993,0,0,1704,0,0,1982,0,0,1791,0,0,0,0,0,0,0,0,0,0,0,0,554,0,0,659,0,0,0,0,2684,0,0,3046,0,0,2453,0,0,1821,0,0,1908,0,0,1724,0,0,1550,0,0,1149,0,0,846,0,0,5066,5066,0,0,17370,17370,0,0,18394,17181,1213,0
Cartaxo,0,0,0,0,0,0,0,1024,0,0,1158,0,0,1662,0,0,1480,0,0,1350,0,0,1341,0,0,978,0,0,793,0,0,0,0,0,525,0,0,513,0,0,0,0,0,0,0,0,0,0,0,0,0,0,0,0,0,0,0,0,0,0,0,0,0,0,0,0,0,0,0,0,419,0,0,0,0,0,0,0,0,0,0,0,0,0,0,0,0,0,0,0,0,0,0,0,0,0,0,0,0,0,0,0,0,0,0,0,0,0,10311,0,10311,0,932,0,932,0,0,0,0,0
Chamusca,0,0,0,0,0,0,0,0,0,0,0,0,0,0,0,0,0,0,0,0,0,0,0,0,0,0,0,0,0,0,0,53,68,0,0,0,0,0,0,0,0,0,0,0,0,0,0,0,0,445,360,0,325,301,0,185,293,0,0,0,0,107,182,0,0,0,0,102,64,0,0,0,0,92,44,0,94,148,0,147,84,0,203,138,0,575,405,0,276,166,0,180,153,0,0,0,0,336,51,0,0,0,0,0,0,0,0,0,121,0,53,68,2364,0,1164,1200,3092,0,1903,1189
Coruche,0,462,598,0,563,713,0,678,839,0,855,0,0,1576,0,0,1639,0,0,1081,793,0,567,634,0,0,0,0,0,0,0,0,0,0,0,0,0,0,0,0,0,0,0,0,0,0,0,0,0,0,0,0,0,0,0,0,0,0,0,0,0,0,0,0,0,0,0,0,0,0,0,0,0,0,0,0,0,0,0,377,377,0,537,521,0,1224,770,0,868,637,0,447,365,0,0,0,0,446,514,0,0,0,0,0,0,0,0,0,10998,0,7421,3577,0,0,0,0,7083,0,3899,3184
Golegã,0,362,0,0,0,442,0,0,345,0,0,0,0,0,0,0,232,0,0,266,0,0,614,0,0,0,0,0,0,0,0,204,0,0,0,0,0,0,241,0,0,631,0,0,233,0,117,0,0,217,0,0,169,0,0,130,0,0,0,423,0,0,404,0,0,257,0,0,404,0,0,282,0,107,0,0,0,569,0,0,362,0,0,493,0,247,0,0,65,0,0,0,399,0,0,282,0,0,254,0,0,217,0,0,106,0,0,117,2465,0,1678,787,3508,0,633,2875,3218,0,419,2799
Rio Maior,1265,0,0,1375,0,0,0,819,0,0,1066,0,0,1359,0,0,1373,0,0,598,0,0,0,0,0,0,0,0,0,0,0,253,0,0,0,0,0,164,0,0,274,0,0,356,0,0,327,0,0,584,0,0,407,0,0,371,0,0,453,0,0,224,0,0,0,0,0,0,0,0,171,0,0,0,0,0,0,0,0,0,0,0,0,0,0,233,0,0,173,0,0,0,0,0,0,0,0,0,0,0,0,0,0,0,0,0,0,0,8108,2640,5468,0,3331,0,3331,0,406,0,406,0
Salvaterra de Magos,0,0,0,0,0,0,0,0,0,0,0,0,0,0,0,0,0,0,0,0,0,0,0,0,0,0,0,0,0,0,0,0,0,0,0,0,0,0,0,0,0,0,0,0,0,0,0,0,0,0,0,0,0,0,0,0,0,0,0,0,0,0,0,0,0,0,0,0,0,0,0,0,0,0,0,0,0,0,0,0,0,0,0,0,0,0,0,0,0,0,0,0,0,0,0,0,0,0,0,0,0,0,0,0,0,0,0,0,0,0,0,0,0,0,0,0,0,0,0,0
Santarém,4311,1232,1157,6082,2008,1621,6650,2036,1354,7067,1655,1650,8980,1908,2616,7565,2537,1641,6702,2284,1568,7452,2600,1585,6649,2317,1415,0,0,1086,4194,1395,731,0,1391,0,4374,1056,1081,6125,1939,1109,6562,2140,1443,7242,2221,1275,9057,2616,2521,8285,2431,2088,7156,2462,1508,6942,2517,1470,6031,2443,1284,5189,2034,851,3463,1215,748,3731,1413,733,4129,1087,1220,5920,1900,1120,6996,2148,1557,7051,2127,1313,9134,2441,1852,7523,2068,1665,6422,2081,1524,5278,2037,1412,5731,1969,1119,3527,1729,649,2317,1064,618,1997,917,659,103439,65652,21363,16424,114755,74157,24487,16111,102301,66025,21568,14708
Amadora,0,0,0,0,0,0,0,0,0,0,0,0,0,0,0,0,0,0,0,0,0,0,0,0,0,0,0,0,0,0,0,0,0,0,0,0,6184,4387,0,6405,5029,0,7596,5065,0,7824,5149,0,7972,6174,0,6946,5823,0,7411,5575,0,7502,5431,0,6307,5189,0,6084,4978,0,4569,4243,0,4945,4364,0,5622,4066,0,6614,4581,0,8040,5268,0,7989,5553,0,9342,6494,0,0,0,0,0,0,0,0,0,0,0,0,0,0,0,0,0,0,0,0,0,0,0,0,0,0,141152,79745,61407,0,63569,37607,25962,0
Cascais,68427,0,0,91080,0,0,138087,0,0,141359,0,0,174141,0,0,157650,0,0,134457,0,0,138097,0,0,116309,0,0,105951,0,0,71313,0,0,57238,0,0,73671,0,0,90952,0,0,139760,0,0,139791,0,0,169320,0,0,158080,0,0,134116,0,0,131249,0,0,125736,0,0,93536,0,0,71957,0,0,62063,0,0,69031,0,0,91007,0,0,133550,0,0,139444,0,0,173476,0,0,154635,0,0,135763,0,0,131467,0,0,127509,0,0,81453,0,0,55491,0,0,38564,0,0,1394109,1394109,0,0,1390231,1390231,0,0,1331390,1331390,0,0
Lisboa,814168,175640,580,974635,212734,1407,1210638,273918,2000,1206237,278436,1761,1284828,289142,1567,1193801,271093,1495,1138153,267678,1499,1229282,285527,1587,1116758,252438,1292,1075613,251407,1181,841209,0,0,685173,162668,640,791272,177317,603,927153,210975,872,1189397,270379,1520,1187201,274563,1952,1213933,284512,1321,1135800,275702,1242,1072856,270841,1685,1160428,278801,957,1096722,260500,680,977900,245994,481,768937,194657,325,699228,181672,254,741638,181939,402,873796,214633,487,1092309,263025,868,1111036,267227,881,1195008,285614,661,1132587,272755,848,1029222,249977,729,1019273,248690,722,953273,226427,621,728107,199049,488,495475,148693,350,304209,93124,94,15506185,12770495,2720681,15009,15158632,12220827,2925913,11892,13334237,10675933,2651153,7151
Loures,24159,512,0,23597,664,0,27237,1081,0,26023,1417,0,28547,1655,0,26746,1389,0,24139,1383,0,25690,1484,0,23645,801,0,21983,678,0,0,0,0,16963,402,0,0,0,0,0,0,0,0,0,0,0,0,0,0,0,0,0,0,0,0,0,0,0,0,0,0,0,0,0,0,0,0,0,0,0,0,0,0,0,0,18569,378,0,0,0,0,22751,599,0,0,0,0,23250,530,0,21708,654,0,22194,540,0,0,0,0,0,0,0,0,0,0,0,0,0,280195,268729,11466,0,0,0,0,0,111173,108472,2701,0
Mafra,7918,0,0,10204,7760,1736,17304,15543,2712,19309,20070,3419,19175,0,0,19366,23297,3564,17543,17613,2830,19063,17415,3267,15237,12010,1647,11749,9874,1406,7004,0,0,0,3394,0,0,0,0,0,0,0,16991,0,0,17919,0,0,17193,0,0,17828,0,0,16419,0,0,0,18976,0,0,16944,0,0,10319,0,6350,5520,388,0,3605,0,8026,0,0,7704,0,0,14527,0,0,16617,0,0,16292,0,0,17384,0,0,15093,0,0,14246,0,0,13689,0,0,8111,11711,0,6663,5988,0,4237,0,0,311429,163872,126976,20581,148452,92700,55364,388,160288,142589,17699,0
Odivelas,0,523,0,0,524,0,0,572,0,0,609,0,0,934,0,0,555,0,0,580,0,0,617,0,0,629,0,0,0,0,0,347,0,0,0,0,0,419,0,0,452,0,0,489,0,0,613,0,0,693,0,0,513,0,0,659,0,0,388,0,0,547,0,0,482,0,0,428,0,0,519,0,0,359,0,0,294,0,0,226,0,0,281,0,0,188,0,0,234,0,0,193,0,0,285,0,0,309,0,0,460,0,0,327,0,0,317,0,5890,0,5890,0,6202,0,6202,0,3473,0,3473,0
Oeiras,28690,1555,0,36888,1712,0,45981,2728,0,47022,2935,0,57252,3524,0,52071,2624,0,0,0,0,46562,2531,0,40250,1963,0,37571,2121,0,28742,1434,0,21204,1007,0,26649,1236,0,30923,1569,0,43205,2408,0,43866,2014,0,56446,2266,0,47924,2226,0,40061,2247,0,44228,1670,0,38098,2028,0,34526,1509,0,26731,1317,0,23810,1154,0,22289,1099,0,26671,1051,0,36992,1578,0,39092,1584,0,51164,1886,0,44195,1860,0,37738,1697,0,34895,1330,0,37319,1769,0,20674,980,0,16534,798,0,10362,653,0,466367,442233,24134,0,478111,456467,21644,0,394210,377925,16285,0
Sintra,25801,0,0,28781,0,0,39866,0,0,40535,0,0,50562,35388,1318,0,33879,0,39918,0,0,0,30755,0,34802,0,0,29464,0,0,21959,0,0,19374,0,0,25861,0,0,25399,0,0,36601,28068,1169,39368,30322,1110,47162,35343,1556,41058,33078,1080,36465,27387,1066,36118,26560,695,37250,24342,908,25472,20081,555,20834,0,0,18724,15010,131,24519,16466,348,25159,18477,1023,40265,24114,1521,39425,25508,1755,50793,29231,2216,47623,27997,1805,39663,24499,1450,36440,22211,870,37028,20610,912,22875,15423,263,20252,12166,100,11654,10787,27,432402,331062,100022,1318,638773,390312,240191,8270,655475,395696,247489,12290
Vila Franca de Xira,0,0,0,0,0,0,0,0,0,0,0,0,0,0,0,0,0,0,0,0,0,0,0,0,0,0,0,0,0,0,0,0,0,0,0,0,0,0,0,0,0,0,0,0,0,0,0,0,0,0,0,0,0,0,0,0,0,0,0,0,0,0,0,0,0,0,0,0,0,0,0,0,0,0,0,0,0,0,0,0,0,0,0,0,0,0,0,0,0,0,0,0,0,0,0,0,0,0,0,0,0,0,0,0,0,0,0,0,0,0,0,0,0,0,0,0,0,0,0,0
Alcochete,0,246,0,0,248,0,0,0,0,0,0,0,0,0,0,0,0,0,0,0,0,0,0,0,0,0,0,0,0,0,0,0,0,0,0,0,0,0,0,0,0,0,0,0,0,0,0,0,0,0,0,0,0,0,0,0,0,0,0,0,0,0,0,0,0,0,0,0,0,0,0,0,0,0,0,0,0,0,0,0,0,0,0,0,0,0,0,0,0,0,0,0,0,0,0,0,0,0,0,0,0,0,0,0,0,0,0,0,494,0,494,0,0,0,0,0,0,0,0,0
Almada,16528,6022,0,22969,7741,0,35480,11455,0,36988,13067,0,46960,17216,0,40800,16127,0,35433,13450,0,34793,13221,0,31602,10304,0,31048,8782,0,20813,5108,0,12625,4779,0,16718,4448,0,19905,6262,0,32819,10338,0,35863,10829,0,44234,15010,0,39351,13182,0,35698,10621,0,32895,10971,0,30824,9237,0,22464,6942,0,13433,5518,0,12381,4449,0,11728,4630,0,15825,6454,0,25305,10485,0,27635,11006,0,31020,12639,0,31433,12823,0,27382,10799,0,24888,9083,0,24661,6495,0,17050,6834,0,10979,3773,0,6719,2960,0,493311,366039,127272,0,444392,336585,107807,0,352606,254625,97981,0
Barreiro,0,763,0,0,0,0,0,0,0,0,0,0,0,0,0,0,1785,0,0,980,0,0,1118,0,0,1276,0,0,892,0,0,0,0,0,752,0,0,828,0,0,806,0,0,954,0,0,1024,0,0,1124,0,0,0,0,0,0,0,0,0,0,0,0,0,0,0,0,0,0,0,0,0,0,0,0,0,0,0,0,0,0,0,0,0,0,0,0,0,0,0,0,0,0,0,0,0,0,0,0,0,0,0,0,0,0,0,0,0,0,7566,0,7566,0,4736,0,4736,0,0,0,0,0
Moita,0,0,0,0,0,0,0,0,0,0,0,0,0,0,0,0,0,0,0,0,0,0,0,0,0,0,0,0,0,0,0,0,0,0,0,0,0,0,0,0,0,0,0,0,0,0,0,0,0,0,0,0,0,0,0,0,0,0,0,0,0,0,0,0,0,0,0,0,0,0,0,0,0,0,0,0,0,0,0,0,0,0,0,0,0,0,0,0,0,0,0,0,0,0,0,0,0,0,0,0,0,0,0,0,0,0,0,0,0,0,0,0,0,0,0,0,0,0,0,0
Montijo,13391,518,345,13665,508,340,15407,719,585,15155,0,0,15021,1166,1329,14229,0,0,15374,991,499,14975,805,382,14748,0,0,12268,0,0,11307,583,352,12472,0,0,13095,560,107,12704,938,199,14724,0,0,14044,999,472,14511,0,0,14618,0,0,14323,0,0,14414,672,282,14097,575,416,14064,535,140,11481,463,99,12658,574,83,13110,610,106,11762,587,149,13626,704,247,13369,627,363,14212,1014,1010,13805,1007,738,14982,728,465,13076,583,175,12720,647,245,10350,557,85,8672,0,0,8385,0,0,177134,168012,5290,3832,171847,164733,5316,1798,158716,148069,7064,3583
Palmela,3170,0,0,2668,0,0,3847,0,0,5674,691,216,0,1001,0,6507,0,0,4512,0,0,4370,0,0,3297,0,0,3123,0,0,2013,0,0,1672,0,0,3573,0,0,3247,0,0,6578,554,83,7959,0,0,10542,717,433,8312,724,326,7267,601,261,5908,0,0,6712,0,0,6521,0,0,5129,0,0,3270,0,0,3294,0,0,5094,323,71,7549,0,0,7463,618,211,10991,829,368,8436,752,447,6789,630,321,5099,422,218,7257,403,155,5746,171,117,3316,0,0,2271,0,0,42761,40853,1692,216,78717,75018,2596,1103,79361,73305,4148,1908
Seixal,0,0,0,0,0,0,0,0,0,0,0,0,0,0,0,0,0,0,0,0,0,0,0,0,0,0,0,0,0,0,0,0,0,0,0,0,0,0,0,0,0,0,0,0,0,0,0,0,0,0,0,0,0,0,0,0,0,0,0,0,0,0,0,0,0,0,0,0,0,0,0,0,0,0,0,0,0,0,0,0,0,0,0,0,0,0,0,0,0,0,0,0,0,0,0,0,0,0,0,0,0,0,0,0,0,0,0,0,0,0,0,0,0,0,0,0,0,0,0,0
Sesimbra,11684,0,0,14251,0,0,22336,0,0,27914,0,0,37042,0,0,31373,0,0,26763,0,0,23288,0,0,17623,0,0,14130,0,0,11100,627,0,6522,398,0,8635,0,0,8025,0,0,20100,0,0,0,0,0,0,0,0,31231,0,0,24032,0,0,17634,0,0,19976,0,0,12268,0,0,9632,903,0,6500,798,0,8666,1119,0,8440,803,0,19220,0,0,25209,0,0,35456,0,0,32174,0,0,23837,0,0,17275,0,0,15963,0,0,7651,927,0,8159,628,0,3990,670,0,245051,244026,1025,0,159734,158033,1701,0,210187,206040,4147,0
Setúbal,17877,1925,479,22421,2172,735,30320,3177,1236,36763,4634,1979,47728,5946,2334,41611,5667,1977,33793,3523,1347,34069,3678,1202,27779,2645,1080,26362,0,0,18404,1824,501,17344,0,0,21034,2028,797,20444,1423,667,30315,2522,1266,36808,3368,2038,44962,5510,2716,39214,4339,2353,29842,2778,1896,30189,2849,1961,30536,2581,1340,26208,1594,908,18238,1333,676,18119,1280,553,18482,1326,567,21321,1387,882,29545,2665,1602,36156,3258,2014,47675,5295,2808,41515,4211,2344,30602,3004,1647,27555,2636,1586,25609,2244,1302,16528,1200,619,14791,1143,695,12876,975,405,402532,354471,35191,12870,394685,345909,31605,17171,368470,322655,29344,16471
Alcácer do Sal,1262,1094,467,1746,1484,342,2769,2559,796,4605,3576,1689,10383,5815,2605,6192,4301,1744,4311,4003,1340,3966,3532,1158,0,0,813,2090,1622,704,1211,1238,330,376,1331,499,0,0,515,0,0,737,3013,2909,849,4764,2930,1311,7208,5696,3131,6043,0,0,4268,0,0,3050,2885,1222,2675,3105,769,1904,1819,391,1394,1194,387,590,1206,204,1224,792,360,1045,838,467,2242,1166,880,3473,1771,1259,8724,3818,2423,5640,2590,1391,4018,2187,1110,2409,1657,906,2155,1435,852,1340,1078,360,1253,0,0,660,0,0,81953,38911,30555,12487,66169,34909,21744,9516,61523,34183,17332,10008
Grândola,12093,662,1760,15858,694,2158,25328,858,3091,47444,1489,5559,84105,3914,9726,66211,3038,7333,46949,1509,5583,30309,1213,5172,23871,609,3899,20277,669,2714,0,0,1350,9985,0,0,10425,601,1677,0,0,1633,28850,991,3314,46967,1628,4451,75965,3809,7257,66317,3084,6378,45648,1423,5152,27102,1003,3658,30988,1013,3336,0,0,2032,0,0,1377,0,0,354,8526,371,1147,10009,765,1517,26583,859,2934,44642,2060,4726,73464,5343,7297,64440,3105,6157,46318,2008,5027,27061,1369,3913,24814,1113,3091,14260,940,1932,11821,977,1117,7149,803,484,445430,382430,14655,48345,386433,332262,13552,40619,418142,359087,19713,39342
Odemira,4935,3712,3175,5716,5766,3857,9491,10241,8870,12497,16399,16300,19376,22290,25058,16998,17810,18444,13274,12654,11555,12281,12185,10795,10450,10735,8659,7744,8486,5652,5796,3485,2690,3934,2086,2202,4624,2622,3602,5138,4222,3178,9466,11145,10210,14127,14908,16152,17599,22860,26415,14232,18557,21844,12152,13244,14490,10757,10483,10804,11733,11363,11278,6540,6550,4719,5862,3439,3475,5004,2351,2265,4761,2259,2768,4768,3294,2862,9042,8374,8608,14084,12930,15250,17631,19652,24839,13108,16043,19204,12152,11540,13559,8891,9384,10352,9153,9490,8639,6183,4618,3768,5690,3000,3094,4355,2175,1968,365598,122492,125849,117257,367410,117234,121744,128432,327488,109818,102759,114911
Santiago do Cacém,3798,844,3897,4422,1228,4502,4621,1066,5020,6385,1461,7895,9075,3598,17434,6514,2104,12011,4886,1256,9438,4422,966,8266,0,0,7579,0,963,0,0,0,4037,0,0,3061,0,0,3400,0,0,4997,7156,1381,8754,5769,1480,10088,8389,2126,16163,6538,1729,12551,5494,1293,9288,4480,1164,7381,4530,1302,8099,0,0,3760,0,0,4814,0,0,3067,1875,620,3232,2681,747,3518,4147,853,6139,5946,1096,9141,10014,2168,14595,7222,1729,12271,6245,1448,8632,5057,1404,6792,4223,1018,6305,2752,971,3289,0,0,3561,0,0,2200,140749,44123,13486,83140,145193,42356,10475,92362,141891,50162,12054,79675
Sines,5010,1285,545,7210,1949,788,9932,3142,1234,14571,3640,1686,22024,3648,2821,13487,3761,2180,10270,3219,1188,9796,3355,1397,8674,2728,1165,0,1958,0,6173,1149,607,0,0,0,5108,1268,420,9344,1838,347,15096,3317,1025,13968,2886,1382,21594,3987,1876,13234,0,0,8932,0,0,7560,2671,1408,8658,2458,1362,5198,2022,498,8209,1875,352,3494,798,309,2950,958,253,3216,1232,125,5905,2264,907,8345,3017,1479,13520,3834,1870,7519,3221,1776,4639,2296,1081,3974,2201,1061,4173,2214,1067,3688,1739,444,0,1017,0,0,970,0,150592,107147,29834,13611,152494,120395,23120,8979,92955,57929,24963,10063
Aljustrel,0,0,0,0,0,0,0,0,0,0,0,0,0,0,0,0,0,0,0,0,0,0,0,0,0,0,0,0,0,0,0,0,0,0,0,0,0,0,0,0,0,0,0,0,0,0,0,0,0,0,0,0,0,0,0,0,0,0,0,0,0,0,0,0,0,0,0,0,0,0,0,0,0,0,0,0,0,0,0,0,0,0,0,0,0,0,0,0,0,0,0,0,0,0,0,0,0,0,0,0,0,0,0,0,0,0,0,0,0,0,0,0,0,0,0,0,0,0,0,0
Almodôvar,0,0,420,0,873,0,0,900,0,0,1229,0,0,0,1972,0,0,1489,0,0,935,0,1069,0,0,0,508,0,0,0,0,0,359,0,0,459,0,0,455,0,757,0,0,0,650,0,0,832,0,0,1648,0,0,1252,0,0,656,0,1331,0,0,0,872,0,0,546,0,716,0,0,0,300,0,0,365,0,576,0,0,830,0,0,979,0,0,0,944,0,1390,0,0,1243,0,0,0,541,0,0,458,0,0,339,0,0,298,0,0,287,10213,0,4071,6142,10015,0,2804,7211,8250,0,5018,3232
Alvito,0,0,0,0,0,0,0,144,0,0,0,0,0,0,0,0,0,0,0,0,0,0,239,0,0,0,0,0,0,0,0,0,0,0,0,0,0,0,0,0,0,0,0,0,0,0,0,0,0,527,0,0,516,0,0,355,0,0,0,0,0,0,0,0,0,0,0,0,0,0,0,0,0,0,0,0,0,0,0,0,0,0,0,0,0,0,0,0,0,0,0,0,0,0,0,0,0,0,0,0,0,0,0,0,0,0,0,0,383,0,383,0,1398,0,1398,0,0,0,0,0
Barrancos,0,0,0,0,0,0,0,0,0,0,0,0,0,0,0,0,0,0,0,0,0,0,0,0,0,0,0,0,0,0,0,0,0,0,0,0,0,0,0,0,0,0,0,0,0,0,0,0,0,0,0,0,0,0,0,0,0,0,0,0,0,0,0,0,0,0,0,0,0,0,0,0,0,0,0,0,0,0,0,0,0,0,0,0,0,0,0,0,0,0,0,0,0,0,0,0,0,0,0,0,0,0,0,0,0,0,0,0,0,0,0,0,0,0,0,0,0,0,0,0
Beja,8851,1087,3298,11250,1353,3211,12284,1725,5354,14895,1910,5599,17116,2207,7958,11978,1908,5429,12714,1727,5322,15105,2211,5543,12278,1524,4443,10204,1419,4147,7738,1447,2467,4876,1382,784,9123,1246,3557,8505,1565,3092,11530,1745,5267,15128,1677,5806,11231,2020,6749,8646,1387,5254,8827,1483,4950,8983,1684,4569,8189,1556,4014,8370,1295,3885,7057,1082,2456,4879,912,656,4964,1466,3517,7048,1588,3107,8994,1618,4700,7858,2123,4619,10549,2472,9004,8388,1750,4935,8478,1806,4860,7527,1888,4690,6447,1773,4663,5579,1512,3275,5104,1456,2446,3654,1033,652,212744,139289,19900,53555,178375,110468,17652,50255,155543,84590,20485,50468
Castro Verde,0,0,28,0,0,46,0,0,214,0,0,0,0,0,0,0,0,877,0,0,651,0,0,531,0,0,0,0,0,0,0,0,137,0,0,0,0,0,94,0,0,111,0,0,242,0,0,700,0,0,1269,0,0,797,0,0,778,0,0,470,0,0,661,0,0,258,0,0,122,0,0,89,0,0,133,0,0,70,0,0,411,0,0,587,0,0,1133,0,0,896,0,0,766,0,0,491,0,0,422,0,0,140,0,0,81,0,0,0,2484,0,0,2484,5591,0,0,5591,5130,0,0,5130
Cuba,0,0,0,0,0,0,0,0,0,0,436,196,0,635,653,0,424,309,0,495,239,0,0,0,0,0,0,0,0,0,0,615,14,0,0,0,0,260,109,0,372,103,0,0,0,0,0,0,0,862,706,0,0,0,0,0,0,0,0,0,0,407,245,0,315,35,0,379,168,0,0,0,0,0,0,0,0,0,0,585,160,0,710,324,0,1152,967,0,849,544,0,0,0,0,0,0,0,563,254,0,0,0,0,0,0,0,0,0,4016,0,2605,1411,3961,0,2595,1366,6108,0,3859,2249
Ferreira do Alentejo,0,0,522,0,0,783,0,0,1225,0,0,1838,0,0,0,0,0,1700,0,0,1583,0,0,1614,0,0,1047,0,0,826,0,0,595,0,0,293,0,0,794,0,0,679,0,0,1030,0,0,1630,0,0,2686,0,0,1727,0,0,2107,0,0,944,0,0,1045,0,0,515,0,0,444,0,0,131,0,0,413,0,0,1097,0,0,1323,0,0,1329,0,0,2179,0,0,1430,0,0,1173,0,0,678,0,0,669,0,0,502,0,0,284,0,0,142,12026,0,0,12026,13732,0,0,13732,11219,0,0,11219
Mértola,1399,711,613,1750,720,621,2875,855,866,3777,1092,1420,5575,1566,2443,4343,833,1444,3331,790,1148,3057,792,374,0,0,600,0,0,531,0,0,369,0,0,263,0,0,519,0,0,379,0,0,768,0,0,1111,0,0,1703,0,0,1181,0,0,1081,0,0,961,0,0,919,0,0,513,0,0,383,0,0,263,0,0,329,0,0,766,0,0,1171,0,0,986,0,0,2765,0,0,1754,0,0,1059,0,0,910,0,0,832,0,0,366,0,0,325,0,0,180,44158,26107,7359,10692,9781,0,0,9781,11443,0,0,11443
Moura,1114,164,358,1429,258,233,1885,233,683,2267,172,765,3028,355,1272,2583,0,0,1933,0,0,2195,0,0,0,0,0,0,0,0,1621,0,0,0,0,0,1611,0,0,1677,185,135,2023,0,0,2418,225,821,3342,250,1422,2957,238,900,2234,329,523,2234,272,368,2532,147,527,1833,100,156,1579,143,288,1417,0,0,1481,0,0,1586,0,0,2220,141,384,2674,253,774,3628,373,1454,3221,313,594,2585,219,401,2136,229,213,2270,89,267,1690,131,73,1907,156,100,1150,0,0,22548,18055,1182,3311,32886,25857,1889,5140,32712,26548,1904,4260
Ourique,0,0,0,0,0,0,0,0,0,0,0,0,0,0,0,0,0,0,0,0,701,0,0,597,0,0,0,0,0,0,0,0,0,0,0,0,0,0,0,0,0,0,0,0,379,0,0,775,0,0,1036,0,0,0,0,0,0,0,0,0,0,0,0,0,0,0,0,0,0,0,0,0,0,0,0,0,0,0,0,0,0,0,0,0,0,0,862,0,0,0,0,0,389,0,0,0,0,0,0,0,0,0,0,0,0,0,0,0,1298,0,0,1298,2190,0,0,2190,1251,0,0,1251
Serpa,0,0,1083,0,0,1738,0,0,1725,0,0,2164,0,0,4652,0,0,2847,0,0,2586,0,0,1939,0,0,1550,0,0,1245,0,0,1165,0,0,584,0,0,932,0,0,1092,0,0,1609,0,0,2104,0,0,4049,0,0,2812,0,0,1743,0,0,1292,0,0,1580,0,0,901,0,0,781,0,0,577,0,0,834,0,0,709,0,0,1248,0,0,1412,0,0,2710,0,0,1472,0,0,794,0,0,695,0,0,722,0,0,312,0,0,121,0,0,200,23278,0,0,23278,19472,0,0,19472,11229,0,0,11229
Vidigueira,0,0,0,0,0,415,0,0,0,0,0,758,0,0,0,0,0,0,0,0,490,0,0,0,0,0,443,0,0,229,0,0,140,0,0,0,0,0,202,0,0,230,0,0,410,0,0,493,0,0,664,0,0,500,0,0,413,0,0,475,0,0,519,0,0,168,0,0,195,0,0,118,0,0,185,0,0,226,0,0,365,0,0,353,0,0,750,0,0,553,0,0,498,0,0,344,0,0,378,0,0,153,0,0,0,0,0,0,2475,0,0,2475,4387,0,0,4387,3805,0,0,3805
Alter do Chão,2392,0,0,2378,0,0,3399,0,0,2988,0,0,2195,0,0,2607,0,0,3610,0,0,3434,0,0,0,0,0,0,0,0,1583,0,0,0,0,0,2477,0,0,1990,0,0,3540,0,0,3402,0,0,2885,0,0,3081,0,0,3078,0,0,2416,0,0,3701,0,0,1979,0,0,0,0,0,0,0,0,2364,0,0,2313,0,0,3344,0,0,3090,0,0,2606,0,0,2922,0,0,3319,0,0,2556,0,0,3041,0,0,2133,0,0,0,0,0,0,0,0,24586,24586,0,0,28549,28549,0,0,27688,27688,0,0
Arronches,0,0,0,0,0,0,0,0,0,0,0,0,0,0,0,0,0,0,0,0,0,0,0,0,0,0,0,0,0,0,0,0,0,0,0,0,0,0,0,0,0,0,0,0,0,0,0,0,0,0,0,0,0,0,0,0,0,0,0,0,0,0,0,0,0,0,0,0,0,0,0,0,0,0,0,0,0,0,0,0,0,0,0,0,0,0,0,0,0,0,0,0,0,0,0,0,0,0,0,0,0,0,0,0,0,0,0,0,0,0,0,0,0,0,0,0,0,0,0,0
Avis,0,207,0,0,357,0,0,422,0,0,839,0,0,1178,0,0,973,0,0,0,553,0,528,0,0,388,0,0,249,0,0,180,0,0,150,0,0,476,0,0,367,0,0,0,226,0,0,631,0,0,745,0,0,516,0,0,453,0,0,198,0,0,230,0,153,0,0,291,0,0,143,0,0,256,0,0,0,167,0,0,245,0,0,557,0,0,752,0,318,0,0,0,340,0,0,595,0,0,355,0,0,87,0,0,61,0,0,57,6024,0,5471,553,4429,0,1430,2999,3790,0,574,3216
Campo Maior,0,117,173,0,70,236,0,0,0,0,0,0,0,54,521,0,0,0,0,123,315,0,0,0,0,0,0,0,0,0,0,0,0,0,0,0,0,0,0,0,44,310,0,0,0,0,0,0,0,0,0,0,0,0,0,119,343,0,83,71,0,93,156,0,166,314,0,0,0,0,0,0,0,0,0,0,0,0,0,0,0,0,0,0,0,0,0,0,80,282,0,18,299,0,0,0,0,0,0,0,210,297,0,0,0,0,0,0,1609,0,364,1245,1699,0,505,1194,1186,0,308,878
Castelo de Vide,0,0,284,0,0,306,3695,0,0,4001,0,0,6357,0,0,0,0,785,4000,0,0,0,0,433,0,0,415,0,0,0,2048,0,210,0,0,0,1180,0,0,1341,0,0,2722,0,0,2836,0,0,3966,0,0,3177,0,0,2141,0,0,2081,0,0,2710,0,0,923,0,0,540,0,331,213,0,202,1139,0,208,1219,0,0,2799,0,0,2971,0,0,5426,0,0,3455,0,0,3095,0,0,2396,0,0,2663,0,0,2042,0,0,1385,0,0,596,0,0,22534,20101,0,2433,24363,23830,0,533,29394,29186,0,208
Crato,0,0,0,0,0,0,0,0,0,0,0,0,0,0,925,0,0,263,0,0,393,0,0,152,0,0,0,0,0,0,0,0,0,0,0,0,0,0,0,0,0,0,0,0,274,0,282,0,0,533,0,0,296,0,0,0,272,0,0,142,0,0,311,0,0,0,0,0,0,0,0,0,0,0,206,0,0,0,0,0,0,0,0,0,0,0,864,0,0,475,0,0,182,0,0,0,0,0,156,0,0,0,0,0,60,0,0,0,1733,0,0,1733,2110,0,1111,999,1943,0,0,1943
Elvas,7268,1710,554,8069,1843,877,9488,1367,820,11068,1702,1346,14939,2214,2034,9702,1961,1153,9525,1540,1263,9314,1171,1185,8432,1067,1000,8870,1219,869,5636,990,438,4983,687,397,7599,993,525,6632,802,566,8863,1217,845,12082,1144,1412,16524,1629,2149,9661,1244,1097,7583,1018,975,6765,947,784,11490,1204,1242,6733,740,543,6505,602,424,5347,513,202,6449,460,635,5622,636,319,8766,819,856,11366,928,1296,16492,1610,2529,10610,1036,1351,9688,959,1049,8343,679,863,8157,961,1086,6687,843,473,6498,611,385,3552,420,155,136701,107294,17471,11936,128601,105784,12053,10764,123189,102230,9962,10997
Fronteira,0,0,0,0,206,457,0,0,0,0,0,0,0,0,0,0,0,0,0,0,0,0,0,0,0,0,0,0,0,0,0,0,0,0,0,0,0,0,0,0,0,0,0,0,0,0,0,0,0,0,0,0,0,0,0,0,0,0,0,0,0,0,0,0,0,0,0,0,0,0,0,0,0,0,0,0,0,0,0,0,0,0,0,0,0,238,673,0,0,0,0,0,0,0,0,0,0,0,0,0,0,0,0,0,0,0,0,0,663,0,206,457,0,0,0,0,911,0,238,673
Gavião,0,0,0,0,0,0,0,522,240,0,570,223,0,631,584,0,737,453,0,483,333,0,0,0,0,0,0,0,0,0,0,0,0,0,0,0,0,0,0,0,0,0,0,0,0,0,0,0,0,0,0,0,0,0,0,0,0,0,0,0,0,0,0,0,0,0,0,0,0,0,0,0,0,0,0,0,0,0,0,0,0,0,0,0,0,0,0,0,0,0,0,0,0,0,0,0,0,0,0,0,0,0,0,0,0,0,0,0,4776,0,2943,1833,0,0,0,0,0,0,0,0
Marvão,830,215,781,850,256,906,1584,659,1288,1685,561,1924,0,0,3964,0,0,2796,0,0,1728,0,0,1371,0,0,1370,0,0,891,1061,129,562,0,0,552,1254,0,0,1244,192,770,2043,0,0,1879,500,2028,2269,857,4154,1844,697,3251,2296,453,1883,1667,212,1256,2030,353,1820,1143,0,0,1210,120,845,911,0,0,1055,0,0,1420,0,0,2168,306,1901,2014,430,1995,2458,789,3766,1692,631,2970,1570,377,2147,1733,285,1322,2138,273,1662,949,0,0,0,0,0,0,0,462,25963,6010,1820,18133,39181,19790,3384,16007,36513,17197,3091,16225
Monforte,0,0,0,0,0,0,0,0,0,0,0,0,0,0,0,0,0,0,0,0,0,0,0,0,0,0,0,0,0,0,0,0,0,0,0,0,0,0,0,0,0,0,0,0,0,0,0,0,0,0,0,0,0,0,0,0,0,0,0,0,0,0,0,0,0,0,0,0,0,0,0,0,0,0,0,0,0,0,0,0,0,0,0,0,0,0,0,0,0,0,0,0,0,0,0,0,0,0,0,0,0,0,0,0,0,0,0,0,0,0,0,0,0,0,0,0,0,0,0,0
Nisa,0,106,0,0,275,0,0,0,555,0,0,457,0,0,1287,0,164,0,0,0,720,0,0,0,0,0,299,0,0,0,0,0,276,0,0,0,0,0,514,0,0,0,0,292,0,0,0,649,0,0,1792,0,0,1216,0,0,747,0,0,192,0,0,341,0,0,210,0,214,0,0,156,0,0,0,315,0,0,309,0,0,616,0,0,435,0,0,1279,0,241,0,0,0,408,0,0,240,0,0,518,0,0,106,0,0,259,0,0,58,4139,0,545,3594,6323,0,662,5661,4784,0,241,4543
Ponte de Sor,0,0,0,0,802,0,0,0,0,0,1446,0,0,2024,0,0,1779,0,0,1036,0,0,969,0,0,592,0,0,633,0,0,0,0,0,0,0,0,0,0,0,0,0,0,664,0,0,1477,0,0,1388,0,0,1398,0,0,866,0,0,624,0,0,592,0,0,0,0,0,0,0,0,0,0,0,0,0,0,0,0,0,696,0,0,1532,0,0,1725,0,0,1158,0,0,1198,0,0,1184,0,0,1083,0,0,699,0,0,362,0,0,0,0,9281,0,9281,0,7009,0,7009,0,9637,0,9637,0
Portalegre,1601,788,668,1812,1089,861,2009,1176,1059,1894,1489,1435,2057,1708,3062,1799,1044,1738,2094,933,1364,1797,792,986,0,0,891,0,858,0,1563,832,593,0,984,0,1385,875,765,1640,1053,706,1783,1457,1289,2116,1377,1354,2360,1763,2450,2507,1717,1891,2350,1526,1101,2391,1127,968,2555,1545,1405,2002,1200,668,1882,951,499,1676,640,483,1579,705,609,1946,980,659,2386,1143,1378,2107,955,1116,2671,1605,2392,1985,1034,1444,1932,779,982,1977,885,964,2210,1022,1033,1779,758,435,1369,753,523,1084,514,376,40976,16626,11693,12657,53457,24647,15231,13579,46069,23025,11133,11911
Sousel,0,0,0,0,0,0,0,0,0,0,0,0,0,0,0,0,0,0,0,0,0,0,0,0,0,0,0,0,0,0,0,0,0,0,0,0,0,0,0,0,0,0,0,0,0,0,0,0,0,0,0,0,0,0,0,0,0,0,0,0,0,0,0,0,0,0,0,0,0,0,0,0,0,0,0,0,0,0,0,0,0,0,0,0,0,0,0,0,0,0,0,0,0,0,0,0,0,0,0,0,0,0,0,0,0,0,0,0,0,0,0,0,0,0,0,0,0,0,0,0
Alandroal,0,0,0,0,0,868,0,0,0,0,0,0,0,0,0,0,0,0,0,0,0,0,0,0,0,0,0,0,0,0,0,0,0,0,0,0,0,0,0,0,0,0,0,0,0,0,0,0,0,0,0,0,0,0,0,0,0,0,0,0,0,0,0,0,0,0,0,0,0,0,0,0,0,0,0,0,0,0,0,0,0,0,0,0,0,0,0,0,0,0,0,0,0,0,0,0,0,0,0,0,0,0,0,0,0,0,0,0,868,0,0,868,0,0,0,0,0,0,0,0
Arraiolos,0,0,560,0,0,753,0,0,0,0,0,1535,0,0,2131,0,0,1380,0,0,0,0,0,1098,0,0,0,0,0,0,0,0,0,0,0,0,0,0,871,0,0,0,0,0,896,0,0,1309,0,0,0,0,0,0,0,0,0,0,0,0,0,0,0,0,0,0,0,0,0,0,0,0,0,0,0,0,0,0,0,0,0,0,0,0,0,0,0,0,0,0,0,0,0,0,0,0,0,0,0,0,0,0,0,0,0,0,0,0,7457,0,0,7457,3076,0,0,3076,0,0,0,0
Borba,0,0,0,0,0,0,0,0,0,0,0,0,0,0,0,0,0,0,0,0,0,0,0,0,0,0,0,0,0,0,0,0,6,0,0,0,0,0,0,0,0,0,0,0,0,0,0,0,0,0,0,0,0,0,0,0,0,0,0,0,0,0,0,0,0,0,0,0,0,0,0,0,0,0,0,0,0,0,0,0,0,0,0,0,0,0,0,0,0,0,0,0,0,0,0,0,0,0,0,0,0,0,0,0,0,0,0,0,6,0,0,6,0,0,0,0,0,0,0,0
Estremoz,3390,0,0,3841,716,711,5040,705,1140,5743,471,1565,6738,913,2738,5034,428,1576,4477,598,1085,5243,753,1217,4236,0,0,3660,0,0,3172,727,298,2806,0,0,3414,752,498,3773,637,301,4808,928,1164,5387,496,961,6451,976,1677,3994,0,0,3943,0,0,4371,374,885,4353,667,1015,2666,342,374,1780,481,451,1427,471,276,1787,513,458,2703,526,466,3696,681,758,4304,898,1079,4910,0,0,2786,0,0,3290,535,865,3087,546,652,3731,639,654,1983,497,316,1253,497,275,868,0,0,69021,53380,5311,10330,60093,46367,6124,7602,45253,34398,5332,5523
Évora,37292,4391,1302,44708,5488,1173,58793,7344,2589,62304,8059,3398,69792,8838,5143,55482,7216,4241,53061,7261,3550,59067,8629,3258,48990,7307,2483,43353,6468,1673,35339,5091,983,28306,4789,739,35399,4688,1192,38706,4788,854,59949,6137,2334,65250,7147,3214,72803,7749,4951,58616,6358,3031,52465,6129,2368,55908,6163,2339,55068,6493,2615,39768,5773,1094,36515,4185,1181,28950,3936,729,34589,3718,1171,35459,4508,784,54766,6341,2429,56915,7031,3076,67288,7161,4871,54465,6213,2980,50687,6004,2406,50548,5367,1856,48133,4607,2188,34716,4615,864,28166,4400,894,20006,3012,585,707900,596487,80881,30532,694845,599397,69546,25902,622819,535738,62977,24104
Montemor-o-Novo,0,0,823,0,657,1690,0,0,1863,0,0,2949,0,0,5347,0,0,3187,0,0,2684,0,0,1992,0,0,933,0,0,1089,0,0,0,0,0,525,0,0,777,0,0,865,0,0,1656,0,0,2081,0,0,3506,0,0,2313,0,0,1691,0,0,1948,0,0,1555,0,0,1287,0,0,794,0,0,479,0,0,698,0,0,901,0,0,1447,0,0,1935,0,0,3181,0,653,0,0,0,1526,0,0,1359,0,0,1059,0,0,630,0,0,0,0,0,400,23739,0,657,23082,18952,0,0,18952,13789,0,653,13136
Mora,0,0,0,0,0,237,0,0,0,0,0,0,0,249,1057,0,0,0,0,0,0,0,0,0,0,0,0,0,0,0,0,0,0,0,0,0,0,0,0,0,0,0,0,0,0,0,0,0,0,0,0,0,0,0,0,0,0,0,0,0,0,0,0,0,0,0,0,0,0,0,0,0,0,0,0,0,0,0,0,0,0,0,0,0,0,0,0,0,0,0,0,0,0,0,0,0,0,0,0,0,0,0,0,0,0,0,0,0,1543,0,249,1294,0,0,0,0,0,0,0,0
Mourão,0,0,0,0,235,589,0,0,0,0,391,1723,0,497,3002,0,510,1415,0,343,1043,0,174,1195,0,0,0,0,0,0,0,0,0,0,0,0,0,0,0,0,0,776,0,0,0,0,382,2008,0,518,2688,0,388,1661,0,343,1230,0,214,1022,0,186,1686,0,0,0,0,52,772,0,0,0,0,0,0,0,0,429,0,248,1072,0,579,1574,0,1173,2125,0,760,1388,0,500,1055,0,314,625,0,373,541,0,0,0,0,0,0,0,0,0,11117,0,2150,8967,13926,0,2083,11843,12756,0,3947,8809
Portel,0,0,0,0,0,0,0,0,0,0,0,0,0,0,0,0,0,0,0,0,0,0,0,0,0,0,0,0,0,0,0,0,0,0,0,0,0,0,0,0,0,0,0,0,0,0,0,0,0,0,0,0,0,0,0,0,0,0,0,0,0,0,0,0,0,0,0,0,0,0,0,0,0,0,0,0,0,0,0,0,0,0,0,0,0,0,0,0,0,0,0,0,0,0,0,0,0,0,0,0,0,0,0,0,0,0,0,0,0,0,0,0,0,0,0,0,0,0,0,0
Redondo,0,0,0,0,0,0,0,0,0,0,251,1620,0,165,2770,0,0,0,0,188,1340,0,338,1227,0,0,0,0,0,0,0,0,0,0,0,0,0,0,0,0,0,0,0,200,1113,0,139,1611,0,499,2978,0,0,0,0,283,1517,0,191,1321,0,0,0,0,0,0,0,0,0,0,0,0,0,0,0,0,204,705,0,271,1340,0,422,1709,0,778,2971,0,622,1991,0,470,1606,0,421,1437,0,467,1558,0,362,660,0,0,0,0,0,0,7899,0,942,6957,9852,0,1312,8540,17994,0,4017,13977
Reguengos de Monsaraz,1316,1124,1384,1807,1264,1604,2774,1968,2319,2691,3179,3699,3655,4131,4932,2935,3321,3495,2825,2756,2908,2563,2449,2686,0,0,2053,0,0,1420,694,1173,1340,0,1047,0,1325,1603,1322,1419,1171,1233,2350,2077,2067,2486,2611,3013,3043,3601,4718,2586,2912,3770,2614,2111,2331,2473,1391,1871,2498,2231,2166,1369,1553,1058,819,1347,974,345,1380,546,1114,1518,621,1043,1449,521,2237,1571,2020,2457,2294,3227,2937,3472,5235,2699,2581,3579,2566,2187,2860,2294,1683,2275,2452,1777,2354,1420,1348,1222,975,1201,1100,655,911,520,71512,21260,22412,27840,72384,23327,23988,25069,70375,22849,21992,25534
Vendas Novas,0,0,0,0,334,0,0,0,0,0,0,0,0,0,0,0,0,0,0,0,0,0,0,0,0,0,0,0,0,0,0,0,0,0,0,0,0,0,0,0,0,0,0,0,0,0,0,0,0,0,0,0,0,0,0,0,0,0,0,0,0,0,0,0,0,0,0,0,0,0,0,0,0,0,0,0,0,0,0,0,0,0,0,0,0,0,0,0,0,0,0,0,0,0,0,0,0,0,0,0,0,0,0,0,0,0,0,0,334,0,334,0,0,0,0,0,0,0,0,0
Viana do Alentejo,0,0,131,0,0,0,0,0,186,0,0,273,0,0,578,0,0,865,0,0,616,0,0,657,0,0,267,0,0,0,0,0,0,0,0,0,0,0,102,0,0,0,0,0,210,0,0,265,0,0,873,0,0,643,0,0,300,0,0,243,0,0,224,0,0,0,0,0,0,0,0,0,0,0,0,0,0,0,0,0,246,0,0,420,0,0,1211,0,0,516,0,0,446,0,0,441,0,0,279,0,0,0,0,0,0,0,0,0,3573,0,0,3573,2860,0,0,2860,3559,0,0,3559
Vila Viçosa,2465,183,180,2379,224,178,3744,238,350,4360,322,497,6223,326,1057,3556,0,0,0,0,0,0,0,421,0,0,460,0,0,0,2206,0,0,0,0,0,2562,220,252,2371,644,275,3658,0,0,4296,0,0,6077,0,0,4052,0,0,2952,0,0,2920,0,0,3673,0,0,1965,0,0,2207,0,0,1864,0,0,0,0,0,2184,0,0,3322,0,0,4188,0,0,6036,0,0,3956,0,0,3381,0,0,3345,0,0,3348,0,0,2148,0,0,2598,0,0,0,0,0,29369,24933,1293,3143,39988,38597,864,527,34506,34506,0,0
Albufeira,183467,0,0,247734,0,0,771172,28737,635,876728,46545,998,1132407,68199,1613,1036470,59394,1491,867432,48998,1231,784956,38075,902,623538,0,0,421112,0,0,246183,0,0,155801,0,0,201614,0,0,262975,0,0,787485,30594,658,878420,43267,1143,1144183,60611,1665,1037321,56668,1647,849543,43022,1102,763384,28848,987,726953,0,0,379998,0,0,251070,0,0,165289,0,0,177509,0,0,220964,0,0,709941,0,0,851533,33630,1017,1157727,53084,1673,1044710,44105,1558,834571,33005,1286,718346,0,0,629121,0,0,288588,0,0,167453,0,0,89873,0,0,7643818,7347000,289948,6870,7718447,7448235,263010,7202,7059694,6890336,163824,5534
Alcoutim,0,0,0,0,0,0,0,0,76,0,0,0,0,0,0,0,0,0,0,0,0,0,0,93,0,0,0,0,0,0,0,0,0,0,0,0,0,0,0,0,0,0,0,0,0,0,0,0,0,0,0,0,0,0,0,0,0,0,0,0,0,0,0,0,0,0,0,0,0,0,0,0,0,0,0,0,0,0,0,0,0,0,0,0,0,0,0,0,0,0,0,0,0,0,0,0,0,0,0,0,0,0,0,0,0,0,0,0,169,0,0,169,0,0,0,0,0,0,0,0
Aljezur,0,1531,0,2334,2946,2290,5778,7393,5143,6974,8179,6168,8119,13141,8409,7057,8509,7313,5798,6238,5665,5547,8875,5399,4966,6885,5124,3838,4057,2221,1685,1964,1419,0,1311,0,1630,1752,1173,2263,2825,1674,5172,6349,5033,6335,7579,6018,8188,10950,8388,6711,6265,7575,5600,4865,5182,5160,5490,4726,5427,5207,4443,3430,2626,2130,1557,1120,1054,802,948,547,1380,912,1232,1921,1406,1649,5505,4130,4302,5870,5168,5007,7373,9217,7994,6594,6088,6950,5411,4541,4849,4264,4012,3896,4274,3713,3560,2339,1728,2142,1779,866,1104,1116,679,510,172276,52096,71029,49151,156194,52275,55976,47943,133481,47826,42460,43195
Castro Marim,0,1406,0,0,714,0,8489,1226,491,0,3280,0,27824,5552,2103,22719,5001,1197,14258,3005,816,0,2082,0,3934,0,0,3422,0,0,4742,1743,136,0,1560,0,2378,1536,71,0,0,346,0,0,440,0,0,1140,0,0,1850,0,0,1207,0,0,835,0,1921,0,0,0,493,0,0,0,9199,966,200,6278,0,0,5405,1025,58,6659,1170,211,9965,1922,384,15045,3568,837,23632,5695,1737,17679,5446,1246,16731,3392,909,11856,2236,353,10141,1671,456,7394,902,288,8263,0,0,4971,0,0,115700,85388,25569,4743,28860,17855,4423,6582,171247,137741,27027,6479
Faro,23866,12600,283,28845,14504,204,40283,26072,670,43457,33508,1295,49980,41450,1830,40075,32269,1348,38570,30018,838,38778,26839,663,36491,25037,435,34049,19546,321,27460,0,0,20717,0,0,22780,12071,205,30161,0,0,41692,21423,514,44013,26636,992,51847,31428,1427,43055,28415,1036,39786,23290,764,39570,21156,562,37579,19826,473,33966,15731,304,26304,0,0,22486,9646,62,24098,8674,146,27700,11555,70,37545,18455,349,41709,23355,747,51100,30627,1398,43823,27916,1213,40184,22762,830,39379,21147,532,38142,17569,467,27202,11887,280,19782,7506,219,10984,4833,68,692301,422571,261843,7887,649200,433239,209622,6339,614253,401648,206286,6319
Lagoa,41815,5139,998,59771,5159,945,162463,20297,4512,168638,24805,6464,234140,34525,8057,208126,30222,4858,166044,25145,3857,146380,22658,4027,123899,15209,2967,98419,0,0,60613,0,0,33863,0,0,37384,3609,589,53306,3160,1418,162855,19400,3546,170750,23781,4429,242129,32727,7154,222238,29428,5743,166494,23399,3891,158429,4527,3840,148790,4144,2141,78566,1323,953,57083,0,0,31876,0,0,35097,0,0,52453,2420,942,166817,6744,3011,207505,8585,6043,277339,13165,8447,248332,12104,3930,191655,8587,3369,155432,6214,2418,148878,5408,1537,61600,0,0,44231,0,0,24865,0,0,1724015,1504171,183159,36685,1709102,1529900,145498,33704,1707128,1614204,63227,29697
Lagos,45199,6400,255,59629,11654,625,142172,29658,2066,148522,46105,2491,199296,55291,3913,176105,45640,2559,147282,39637,2022,134296,33439,1917,110036,23165,1343,86003,17555,937,52233,8832,932,39714,0,0,41252,6547,222,57995,10117,910,141928,26197,1465,156121,39192,1678,198654,48989,3293,177510,43367,2595,145257,38158,2080,128929,29513,1861,112614,23377,1297,75162,14636,1083,48279,6782,410,35914,4119,318,36791,5137,668,52343,9150,600,126909,23949,1688,144614,34484,2480,190135,43763,3517,173622,43014,2313,136797,35199,1742,117050,27340,1584,103312,21279,1218,58027,11060,420,35862,4989,306,21721,3506,150,1676923,1340487,317376,19060,1627821,1319615,290994,17212,1476739,1197183,262870,16686
Loulé,99813,4588,292,144506,5723,539,251793,13771,1348,297591,18813,1645,394235,28589,2661,350850,23276,2191,296087,17889,1691,266054,16206,1131,223450,12386,1226,182233,8078,788,134600,5665,499,101783,0,0,97068,4240,224,140933,6027,366,253912,13000,1482,294944,16332,1895,383787,26760,3037,340998,26855,2453,284171,17512,2249,253699,11891,1629,236475,9296,1283,162668,5653,718,131173,4469,462,96371,2980,192,85769,3380,194,127851,4662,188,250139,10224,1208,286403,14116,2433,386976,23053,3395,347670,20640,2719,288703,14902,1999,248699,11336,1146,227420,8830,826,145498,4474,541,113343,3641,131,62421,2319,41,2911990,2742995,154984,14011,2837204,2676199,145015,15990,2707290,2570892,121577,14821
Monchique,6862,381,122,5945,395,350,0,705,0,12048,1066,624,0,0,0,14523,1236,528,0,0,719,7129,626,620,0,0,451,0,0,766,0,0,433,0,0,425,0,0,295,3699,218,411,7240,591,884,9492,730,519,18117,1358,746,15494,1066,626,10231,350,412,7250,367,264,6589,416,330,2796,413,163,0,0,110,0,0,108,0,0,117,2105,183,215,7124,560,341,9425,685,420,16971,1476,950,13813,1193,724,6967,771,476,4739,528,332,0,441,0,2842,232,248,0,0,129,670,0,0,55954,46507,4409,5038,91285,80908,5509,4868,74677,64656,6069,3952
Olhão,7633,1145,840,8005,2070,1159,14672,6050,4698,16205,8999,5375,21795,14102,7404,19166,10174,5533,16400,5400,4426,15685,3893,4831,12928,3896,4221,11547,2542,3546,0,913,0,0,678,0,0,966,0,0,1823,0,11696,4413,4397,12899,6974,4576,18677,11402,7118,14692,9505,5488,12118,5592,4298,11372,4608,4691,11256,4814,4185,8959,2590,2479,7458,0,0,6343,0,0,0,0,0,0,0,1843,0,3409,0,0,7254,0,0,12470,0,0,10588,0,0,5909,0,0,2578,0,10189,2940,4362,6619,1284,2662,0,744,0,0,458,0,245931,144036,59862,42033,205389,115470,52687,37232,73309,16808,47634,8867
Portimão,59625,0,0,95550,0,0,275191,12842,1006,313889,19799,1273,432308,32058,1853,380154,24277,1722,285987,18131,949,247855,13022,786,183477,9215,564,134697,0,0,80721,0,0,60461,0,0,59757,0,0,85763,0,0,250131,12592,679,304398,21613,1277,420874,29866,2168,338625,25822,1610,248936,19200,1036,218935,12211,827,198182,10917,523,108417,0,0,73140,0,0,51989,0,0,54978,0,0,88386,0,0,233459,12670,567,306316,20960,1318,422044,32427,1902,371939,28133,1096,268928,19798,910,211434,12370,258,141426,11548,265,84561,4139,270,53799,0,0,31761,0,0,2687412,2549915,129344,8153,2499488,2359147,132221,8120,2417662,2269031,142045,6586
São Brás de Alportel,0,0,0,0,0,0,0,0,0,0,0,0,0,0,0,0,0,0,0,0,0,0,0,0,0,0,0,0,0,0,0,0,0,0,0,0,0,0,0,0,0,0,0,0,0,0,0,0,0,0,0,0,0,0,0,0,0,0,0,0,0,0,0,0,0,0,0,0,0,0,0,0,0,0,0,0,0,0,0,0,0,0,0,0,0,0,0,0,0,0,0,0,0,0,0,0,0,0,0,0,0,0,0,0,0,0,0,0,0,0,0,0,0,0,0,0,0,0,0,0
Silves,2530,2993,451,4257,3552,501,16837,6112,1121,19848,10405,2278,30506,14698,3606,0,11969,0,19807,10063,2480,19553,7424,2072,14737,7684,1086,10892,4919,707,9889,0,0,0,2647,0,2612,2364,859,5272,2399,395,18774,6183,1544,30138,8983,2233,36775,10914,3479,33323,9515,2895,26708,7632,2019,30204,2580,1591,25899,3064,1247,19921,0,0,0,0,0,12179,497,545,7746,619,1032,11440,564,219,27266,1677,1322,33545,5352,1463,42792,7219,2458,37181,5862,2359,29909,3959,1574,29539,2201,1775,23496,2015,935,0,967,0,0,0,0,11775,0,0,245624,148856,82466,14302,312743,241805,54131,16807,298261,254689,30435,13137
Tavira,26078,1812,2144,34667,2950,3058,61520,4982,7153,73661,6770,8981,84004,8623,11983,78763,7523,8973,66085,5637,7878,62629,5078,6558,49935,4243,5142,45224,3820,3721,34997,2970,2273,16247,2360,1072,20622,2010,1724,26813,2354,1947,63690,4950,7037,72962,6225,8982,79318,8441,12331,76137,7190,9485,62708,5324,7122,58698,3619,5762,58630,3709,5443,40045,2804,2772,30117,0,0,17511,0,0,18633,1554,642,22625,2221,728,54533,3768,5305,70777,6147,7580,82302,8124,10299,67629,7188,8952,53949,5111,6436,48155,4184,4424,45375,3256,4470,28689,2182,2319,18985,0,0,11516,0,0,759514,633810,56768,68936,716482,607251,46626,62605,618058,523168,43735,51155
Vila do Bispo,16769,3214,967,16912,5621,1057,41007,10586,1592,38123,11660,2131,49172,15168,2991,42774,12576,2236,35852,8969,1772,37396,9316,1547,31305,8524,1543,26091,6464,1267,15966,3597,684,12465,1875,565,16729,3199,768,17907,5104,1024,41798,8777,1944,40467,10818,2072,52003,14039,3487,47919,10377,2638,39452,8248,1593,33204,7417,1760,31923,7401,1772,21519,4395,907,13432,2388,450,9725,1384,425,12689,2104,436,14098,4407,874,39896,7853,1654,37911,9827,1654,54370,13756,3761,47838,10419,2489,40500,8028,1642,32936,6617,1143,35863,5053,1135,18359,2478,403,13143,1683,426,8900,474,251,479754,363832,97570,18352,468465,366078,83547,18840,445070,356503,72699,15868
Vila Real de Santo António,45356,0,0,48143,0,0,73546,0,0,96391,12259,1573,122485,20665,2235,101722,17024,1800,89890,11223,1376,73911,7105,1212,68728,0,0,61894,0,0,56536,0,0,49617,0,0,42110,0,0,47984,0,0,76074,8329,1013,96258,11565,1435,125989,18472,2217,104584,17374,1292,87183,12190,1010,74272,0,0,73330,0,0,57777,0,0,57158,0,0,47912,0,0,38938,0,0,53116,0,0,74263,7862,916,99631,12068,1392,160583,20682,2294,137157,17601,1839,92609,12525,1473,71809,0,0,69988,0,0,50812,0,0,45687,0,0,32886,0,0,964691,888219,68276,8196,965528,890631,67930,6967,1006131,927479,70738,7914
Angra do Heroísmo,11755,1111,148,19766,1751,201,28296,3187,877,34624,4673,2024,44056,8291,3076,36882,5465,2649,32195,4526,2159,26581,3766,836,24792,3109,284,20493,2182,155,14010,1272,55,10174,937,73,12612,972,67,14968,1405,226,24025,2406,440,31193,3644,1338,38241,5010,2232,30948,4450,1947,28989,3553,1410,19583,2559,683,19056,2564,468,15692,2190,170,11677,1488,94,11039,1612,64,10792,1337,122,13792,2089,56,23896,2862,175,27052,3850,934,36407,4714,1131,32827,4158,1112,29082,3943,965,25485,2357,408,24535,2437,137,23655,0,0,15327,0,0,8486,1051,59,356431,303624,40270,12537,299015,258023,31853,9139,305233,271336,28798,5099
Calheta (R.A.A.),0,0,0,0,0,0,0,0,0,0,0,0,0,0,0,0,0,0,0,0,0,0,0,0,0,0,0,0,0,0,0,16,0,0,0,0,0,0,0,0,0,0,0,0,0,0,0,0,0,0,0,0,0,0,0,0,0,0,0,0,0,0,0,0,0,0,0,0,0,0,0,0,0,0,0,0,0,0,0,0,0,0,0,0,0,0,0,0,0,0,0,0,0,0,0,0,0,0,0,0,0,0,0,0,0,0,0,0,16,0,16,0,0,0,0,0,0,0,0,0
Corvo,0,0,0,0,0,0,0,0,0,0,0,0,0,0,0,0,0,0,0,0,0,0,0,0,0,0,0,0,0,0,0,0,0,0,0,0,0,0,0,0,0,0,0,0,0,0,0,0,0,0,0,0,0,0,0,0,0,0,0,0,0,0,0,0,0,0,0,0,0,0,0,0,0,0,0,0,0,0,0,0,0,0,0,0,0,0,0,0,0,0,0,0,0,0,0,0,0,0,0,0,0,0,0,0,0,0,0,0,0,0,0,0,0,0,0,0,0,0,0,0
Horta,3414,1274,160,6402,2042,216,11629,3992,871,16670,6713,1836,20232,10352,2399,18146,9160,2450,15046,6082,1740,15224,6045,1341,10293,3227,818,8019,2012,305,5013,1143,145,3227,0,0,3626,1262,146,6335,1615,132,11177,3176,603,16340,6558,1945,19278,9539,2617,16930,8514,2659,14216,5570,1888,12692,4688,1409,8450,3717,773,7792,2023,173,3299,1446,44,3154,1575,126,3572,0,0,5338,0,0,11050,3591,591,15136,5688,1589,19229,8167,2468,17628,6860,2493,15094,4440,1611,13229,4120,1183,8590,3052,504,5999,2111,96,3273,1612,55,2227,1350,29,197638,133315,52042,12281,185487,123289,49683,12515,171975,120365,40991,10619
Lagoa (R.A.A.),4436,482,727,5999,212,860,11686,984,1093,14695,1067,1173,18182,1606,1342,16805,1603,1085,10868,1240,1005,10491,909,902,9088,608,1069,7111,0,0,4725,0,0,3337,0,0,3455,0,0,5626,200,562,9609,1064,920,10526,1183,1224,12775,1294,1510,12129,1315,1498,10228,1030,1410,9154,839,1035,8578,574,1009,6204,0,0,2402,0,0,1633,0,0,4212,0,0,5491,0,0,7810,792,898,10146,1041,1006,11932,0,0,11418,0,0,9197,0,0,7030,0,0,4797,0,0,0,0,0,0,0,0,0,0,0,135390,117423,8711,9256,108986,92319,7499,9168,75770,72033,1833,1904
Lajes das Flores,0,0,0,0,0,0,0,0,0,0,0,0,0,0,0,0,0,0,0,0,0,0,0,0,0,0,0,0,0,0,0,0,0,0,0,0,0,0,0,0,0,0,0,0,0,0,0,0,0,0,0,0,0,0,0,0,0,0,0,0,0,0,0,0,0,0,0,0,0,0,0,0,0,0,0,0,0,0,0,0,0,0,0,0,0,0,0,0,0,0,0,0,0,0,0,0,0,0,0,0,0,0,0,0,0,0,0,0,0,0,0,0,0,0,0,0,0,0,0,0
Lajes do Pico,0,0,0,0,319,0,0,649,0,0,1314,0,0,1877,0,0,1600,0,0,1382,0,0,1153,0,0,736,0,0,384,0,0,0,0,0,0,0,0,0,0,0,244,0,0,774,0,0,1181,0,0,1636,0,0,1186,0,0,1103,0,0,957,0,0,693,0,0,232,0,0,0,0,0,0,0,0,0,0,0,275,0,0,658,0,0,1330,0,0,0,441,0,1255,0,0,1173,0,0,1024,0,0,0,109,0,308,0,0,282,0,0,0,0,9414,0,9414,0,8006,0,8006,0,6855,0,6305,550
Madalena,903,0,0,2563,0,0,6545,0,0,8684,0,0,10876,0,0,8631,0,0,0,4909,0,6528,0,0,3982,0,0,2563,0,0,1208,933,0,1087,0,0,747,0,0,2110,931,0,5440,0,0,7709,0,0,9874,0,0,8557,0,0,7450,0,0,6658,0,0,4434,0,0,2158,0,0,1004,740,0,1914,0,0,927,0,0,1742,855,0,4501,0,0,0,3461,0,0,0,0,8201,0,0,7079,0,0,5698,0,0,3308,0,0,1565,857,0,865,0,0,875,0,0,59412,53570,5842,0,59726,58055,1671,0,39934,34761,5173,0
Nordeste,0,0,0,0,0,0,0,0,0,0,0,2000,0,0,0,0,0,2165,0,0,1790,0,0,1670,0,0,980,0,0,0,0,69,0,0,0,178,0,0,0,0,0,0,0,0,1328,0,0,1705,0,0,2192,0,0,2226,0,0,1634,0,0,1007,0,0,1086,0,0,0,0,0,0,0,0,0,0,0,593,0,0,577,0,0,1124,0,0,0,0,0,0,0,0,1580,0,0,0,0,0,0,0,0,0,0,0,0,0,0,0,0,0,341,8852,0,69,8783,11178,0,0,11178,4215,0,0,4215
Ponta Delgada,43045,7738,2574,68622,10435,3400,111824,21754,6805,133646,32222,9229,153344,38956,9416,146811,36006,7187,130121,30308,5259,121667,28381,4606,101567,22625,3643,82673,15691,2590,55757,9379,1751,40244,7441,1687,40632,7449,1568,59214,9754,2137,105950,20416,3404,126595,28958,5079,147311,34475,6477,141159,31908,5865,121709,26339,4043,103542,23430,3701,98014,20413,2998,78182,15780,1871,48948,9663,1096,39292,9797,1117,42343,7381,1016,53106,9800,1248,103910,18399,2576,118981,21989,3635,139611,25846,4693,134797,25000,3935,116995,19308,2873,98640,15420,1915,82908,12613,1838,58632,6097,1035,30498,4472,1001,21708,3323,806,1508404,1189321,260936,58147,1388286,1110548,238382,39356,1198348,1002129,169648,26571
Povoação,3879,214,319,6363,505,415,9477,597,1107,11861,854,1127,12272,1036,1283,11204,948,1511,9303,505,1162,9768,707,1140,7470,0,0,5565,0,0,3986,0,0,2728,0,0,4308,167,200,5181,337,229,8912,477,664,10831,814,1105,12501,1006,1287,12592,807,1048,10324,730,908,9045,664,760,7395,650,681,5776,524,464,4398,385,353,4041,425,175,4576,0,0,5463,0,0,9520,689,664,10816,597,939,12231,807,1163,11865,655,1243,10452,765,1233,8944,632,875,7163,580,426,5190,296,269,4445,296,158,3410,251,68,107306,93876,5366,8064,110164,95304,6986,7874,106681,94075,5568,7038
Ribeira Grande,3240,746,109,5816,1266,163,10093,2501,1430,11767,3369,1901,14459,3572,2177,14098,3675,2002,12000,3241,1712,11587,3432,1347,0,2418,0,0,1629,0,3819,0,0,0,645,0,3928,790,282,4187,1257,338,10541,2519,1046,11953,3055,1674,15063,4113,2039,14289,3653,2260,12063,3019,1597,11511,2517,950,11512,2123,720,5899,1571,89,5045,840,154,4824,735,97,5452,795,116,6321,989,188,12134,1999,905,12104,2441,1145,14777,3142,1364,14087,3132,1458,12000,2357,1154,10644,1785,1032,9758,1649,594,7463,992,171,6148,438,123,4949,319,71,124214,86879,26494,10841,148253,110815,26192,11246,144196,115837,20038,8321
Santa Cruz da Graciosa,0,0,0,620,0,0,975,0,0,1603,0,0,2697,0,0,2194,0,0,1414,0,0,0,0,208,0,0,152,0,0,0,511,0,0,0,0,76,567,0,0,800,0,0,1041,0,0,1985,0,0,2938,0,0,2091,0,0,1389,0,0,1343,0,0,765,0,0,500,0,0,501,0,0,415,0,0,336,0,0,558,0,0,1038,0,0,1612,0,0,3249,0,0,2123,0,0,1360,0,0,757,0,0,757,0,0,697,0,0,484,0,0,238,0,0,10450,10014,0,436,14335,14335,0,0,13209,13209,0,0
Santa Cruz das Flores,0,0,0,0,0,0,2131,214,0,3473,653,0,3974,712,0,3558,608,0,3235,562,0,2531,265,0,0,0,0,0,0,0,0,0,0,0,0,0,0,0,0,0,0,0,2090,163,0,2806,516,0,3747,680,0,3289,664,0,3181,467,0,2867,223,0,1547,210,0,1235,45,0,0,0,0,0,0,0,692,39,0,740,56,0,1953,203,0,3361,471,0,3596,872,0,3471,677,0,3287,443,0,0,0,0,0,0,0,0,0,0,0,0,0,0,0,0,21916,18902,3014,0,23730,20762,2968,0,19861,17100,2761,0
São Roque do Pico,0,0,174,0,220,0,0,0,738,0,0,2145,0,0,3084,0,0,3107,0,827,0,0,0,1235,0,412,0,0,134,0,0,0,84,0,0,0,0,51,0,0,0,134,0,0,861,0,0,2006,0,0,3131,0,0,2395,0,0,1581,0,0,852,0,0,716,0,81,0,0,69,0,0,0,74,0,0,0,0,0,0,0,0,363,0,0,1201,0,0,2061,0,0,1986,0,0,1182,0,0,604,0,0,312,0,0,69,0,0,106,0,0,24,12160,0,1593,10567,11951,0,201,11750,7908,0,0,7908
Velas,695,0,0,1333,366,322,2493,1241,639,3643,3138,962,4969,4807,1472,4510,4123,1261,3936,0,0,3393,0,0,2255,0,0,1347,0,0,740,0,0,855,0,0,561,0,0,1053,0,0,2193,0,0,3351,2901,722,4572,5128,1073,4177,4171,935,3151,2930,611,2638,0,0,1443,0,0,968,0,0,843,0,0,750,0,0,691,0,0,1436,0,0,2003,0,0,3280,2160,616,4190,3842,1025,3989,3557,827,3274,0,0,2019,0,0,1009,0,0,1137,0,0,694,0,0,540,88,0,48500,30169,13675,4656,44171,25700,15130,3341,36377,24262,9647,2468
Vila da Praia da Vitória,2333,557,275,4396,1447,249,5686,1741,493,7152,2611,733,9624,3565,1720,8956,3525,1075,7652,2491,784,5896,1576,563,4419,1521,308,4634,1280,203,3626,877,142,2812,0,0,2551,0,0,3491,0,0,4932,1640,546,7061,2351,1072,9365,3687,1496,8807,3425,1354,7902,2387,1244,6381,1627,684,5755,1658,580,3938,1326,541,2805,944,358,3061,675,608,2478,591,562,3149,231,471,5328,717,815,6326,1254,1059,10165,2023,1685,9064,2027,1291,7013,1394,700,5123,0,0,4015,0,0,3909,637,466,2650,616,432,2576,668,471,94922,67186,21191,6545,94252,66049,19720,8483,79906,61796,10158,7952
Vila do Porto,0,0,0,1356,0,0,3059,0,0,6837,0,0,8755,125,662,7341,224,662,3996,0,0,4063,0,0,0,0,0,0,0,0,0,0,0,0,0,0,0,0,0,1511,0,0,3004,0,0,6187,0,0,8251,0,0,6800,0,0,3948,0,0,2845,0,0,1943,0,0,0,0,0,0,0,0,0,0,0,0,0,0,0,0,0,2804,0,0,5380,0,0,6269,0,0,5791,0,0,3493,0,158,2363,0,56,0,0,0,926,0,0,0,0,0,0,0,0,37080,35407,349,1324,34489,34489,0,0,27240,27026,0,214
Vila Franca do Campo,0,0,0,0,56,0,0,784,0,0,1675,0,0,2033,0,0,2119,0,0,1346,0,0,1048,0,0,643,0,0,127,0,0,0,0,0,0,0,0,132,0,0,113,0,0,676,0,0,1207,0,0,1589,0,0,1387,0,0,944,0,0,655,0,0,380,0,0,63,0,0,0,0,0,0,0,0,0,0,0,0,0,0,0,0,0,0,0,0,636,0,0,763,0,0,346,0,0,220,0,0,109,0,0,0,0,0,0,0,0,0,0,9831,0,9831,0,7146,0,7146,0,2074,0,2074,0
Calheta (R.A.M.),15881,5163,5488,21827,5659,6668,24396,8134,7765,25038,9119,7948,28693,9554,8696,27428,9216,8473,25147,8262,7591,25056,8522,7949,0,7288,0,0,6804,0,16907,4833,5449,0,3922,0,11407,4380,4384,20025,3972,6130,22468,6282,6791,23816,7392,7372,27173,8002,8278,26830,8115,7773,23135,6786,6988,23708,6983,7312,23959,6975,7196,22008,5633,5535,13471,4646,5367,17213,4510,4028,14445,3589,3820,19237,3721,4736,21909,4950,5911,22301,5582,5975,26731,7733,7103,25595,7170,6636,22785,6024,5763,22476,6216,5629,24112,5998,5468,19082,4098,4674,15068,2895,3500,11545,1682,3205,362876,210373,86476,66027,406043,255213,73676,77154,367364,245286,59658,62420
Câmara de Lobos,8723,2084,1018,10901,2659,1451,14958,3684,2196,15630,3677,2456,18584,3874,2940,17098,3950,2843,12999,3682,2449,14621,4032,2650,12691,0,0,13635,0,0,11904,3137,1472,8799,0,0,7165,1897,1418,9850,1707,1555,13615,2903,2323,15601,3338,2828,19506,3585,3027,17173,3400,2634,13909,2967,2332,14099,3796,2461,14333,3247,2484,13593,3292,2324,11719,2609,1686,8592,1298,1168,7819,1715,1475,8753,1323,1623,12738,1723,2161,15689,2944,2537,18705,3626,2808,16937,1334,2680,13817,1347,2302,13901,1471,2590,14023,1513,2378,8314,1289,1576,5886,984,977,6098,861,880,210797,160543,30779,19475,219434,159155,34039,26240,186797,142680,20130,23987
Funchal,389306,0,0,433411,0,0,502234,0,0,513468,0,0,563355,0,0,532746,0,0,495248,0,0,505440,0,0,476443,0,0,465498,0,0,414046,0,0,380295,0,0,370564,0,0,428725,0,0,502330,0,0,509699,0,0,564842,0,0,533809,0,0,482384,0,0,484791,0,0,476633,0,0,447163,0,0,387733,0,0,387154,0,0,380103,0,0,416765,0,0,490082,0,0,502757,0,0,579003,0,0,543185,0,0,492548,0,0,484038,0,0,479047,0,0,394290,0,0,277375,0,0,238665,0,0,5671490,5671490,0,0,5575827,5575827,0,0,5277858,5277858,0,0
Machico,25774,0,0,30020,0,0,0,0,0,15919,0,0,17114,0,0,16469,0,0,16301,0,0,0,0,0,13165,0,0,0,0,0,11150,0,0,0,1736,0,0,1908,0,11696,0,0,0,0,0,0,0,0,14093,0,0,12672,0,0,12364,0,0,13475,0,0,11033,0,0,13584,0,0,10892,0,0,10081,0,0,8819,0,0,9420,0,0,12373,0,0,12859,0,0,14014,0,0,13339,0,0,13103,0,0,13286,0,0,11103,0,0,5845,0,0,1706,0,0,2248,0,0,147648,145912,1736,0,111798,109890,1908,0,118115,118115,0,0
Ponta do Sol,6137,1545,589,6310,1559,817,7002,1897,1041,7146,1634,1009,7598,1910,1056,7503,1825,1102,0,1747,0,7102,1809,1193,0,1466,0,0,1380,0,6142,1028,734,0,811,0,5855,976,553,6241,1266,485,6826,1618,433,6911,1527,541,7547,1589,617,7694,1586,259,6973,1350,225,6889,1611,487,6886,1477,443,7177,1247,607,6215,0,0,6799,0,0,6092,0,0,6476,0,0,7008,1078,183,6855,0,0,7765,981,593,7505,988,646,6707,757,540,7061,906,708,7073,905,595,6673,724,412,0,610,0,0,452,0,81092,54940,18611,7541,100910,82013,14247,4650,80293,69215,7401,3677
Porto Moniz,0,1694,0,0,0,346,7734,2017,549,0,2618,0,8185,2743,580,0,2351,0,6959,1318,580,7202,1705,621,6848,0,0,5972,0,0,5072,0,0,5926,0,0,6089,1036,291,6537,0,0,7087,0,0,7223,0,0,0,0,0,0,0,0,0,0,0,0,0,0,6466,0,0,6344,0,0,5742,0,0,5653,0,0,5281,0,0,5562,0,0,6064,0,0,6364,0,0,6983,0,0,6524,0,0,5993,0,0,6178,0,0,6032,0,0,4866,0,0,4054,0,0,4189,0,0,71020,53898,14446,2676,52468,51141,1036,291,68090,68090,0,0
Ribeira Brava,3451,1392,537,3804,1576,763,5423,2140,719,6593,2826,815,0,3061,0,5967,0,0,6257,2801,776,6901,3012,729,0,2659,0,0,2549,0,0,1800,0,0,1131,0,2960,2126,476,0,0,0,5113,2338,685,6913,2594,759,6567,2896,686,5607,2769,703,5049,2410,670,4042,2598,854,0,2389,0,0,2280,0,0,1867,0,0,0,338,0,1307,0,0,1277,0,0,1682,0,0,2141,0,0,2302,0,0,2705,0,0,2099,0,0,1985,0,0,1648,0,0,1397,0,0,737,0,0,639,0,67682,38396,24947,4339,65689,36251,24267,5171,19919,0,19919,0
Santa Cruz,72967,3322,1092,84244,4131,1311,92792,5101,1717,93593,5831,2395,106895,5718,2538,103319,5508,2416,91991,4814,2055,94736,5055,2073,87541,5410,1811,88616,4503,1961,69646,3389,1080,59817,3364,954,68662,3671,979,78617,4220,1210,94268,5186,1744,97638,5600,1980,113670,6196,2144,108976,5936,1864,94557,5197,1697,94582,5651,1905,89584,6056,1807,88822,4400,1404,73023,4554,1251,64494,4049,706,62447,3475,830,68323,4064,1067,82278,4642,1427,90194,4954,1627,107073,5859,1890,99029,5658,1683,88258,5203,1663,86520,4768,1943,63988,4873,1597,46300,3004,1226,27602,1816,652,27784,1728,487,1123706,1046157,56146,21403,1146300,1066893,60716,18691,915932,849796,50044,16092
Santana,0,2655,0,0,0,4541,0,0,5263,0,4853,0,0,0,5481,0,5496,0,0,3521,0,0,4875,0,0,4439,0,0,4518,0,0,2725,0,0,2136,0,0,0,0,0,3215,0,0,4179,0,0,4451,0,0,4669,0,0,5144,0,0,4176,0,0,4667,0,0,4364,0,0,4097,0,0,3218,0,0,0,4089,0,1862,0,0,2190,0,0,2837,0,0,3434,0,0,0,4814,0,3611,0,0,0,4364,0,0,4511,0,0,4589,0,1878,0,0,1115,0,0,901,0,50503,0,35218,15285,46269,0,42180,4089,36106,0,17828,18278
São Vicente,8423,2494,3124,9260,2407,3994,11099,3129,4547,12737,3322,4954,15250,3441,5059,15498,4125,5114,13759,3275,4806,11873,3269,5025,0,2971,0,0,2607,0,9939,1931,3600,0,1951,0,7631,1899,3116,8983,1756,3674,11344,2474,4416,13420,2855,5079,15159,2574,5144,14750,2220,4926,12605,1974,4091,13267,2030,4419,12040,1461,4236,10618,1422,4633,9202,1002,3705,7384,881,3414,6485,900,3173,7927,884,3443,12065,1161,3997,12556,1303,4677,15095,1641,4830,15027,1537,4811,11556,1272,3908,12020,1606,4083,10543,1325,3444,8242,818,1934,5418,480,1306,5423,484,922,182983,107838,34922,40223,209804,136403,22548,50853,176296,122357,13411,40528
Porto Santo,12287,1101,0,23361,1164,0,53281,2151,0,61050,2855,0,71507,3375,0,67441,2889,0,63250,2356,0,46781,1825,0,25332,1388,0,23929,1050,0,0,0,0,0,0,0,13818,866,0,19999,951,0,51639,1653,0,68221,2248,0,82467,2755,0,73872,2229,0,65327,2163,0,42213,1910,0,37109,1160,0,22173,906,0,11103,799,0,8729,634,0,10040,295,0,19090,575,0,49340,1447,0,66630,1703,0,88224,2148,0,81028,2047,0,71475,1644,0,35362,837,0,25596,460,0,18278,425,0,8656,270,0,7195,259,0,468373,448219,20154,0,514944,496670,18274,0,493024,480914,12110,0